 /*
 * Copyright (c) 2025, Texas Instruments Incorporated
 * All rights reserved.
 *
 * Redistribution and use in source and binary forms, with or without
 * modification, are permitted provided that the following conditions
 * are met:
 *
 * *  Redistributions of source code must retain the above copyright
 *    notice, this list of conditions and the following disclaimer.
 *
 * *  Redistributions in binary form must reproduce the above copyright
 *    notice, this list of conditions and the following disclaimer in the
 *    documentation and/or other materials provided with the distribution.
 *
 * *  Neither the name of Texas Instruments Incorporated nor the names of
 *    its contributors may be used to endorse or promote products derived
 *    from this software without specific prior written permission.
 *
 * THIS SOFTWARE IS PROVIDED BY THE COPYRIGHT HOLDERS AND CONTRIBUTORS "AS IS"
 * AND ANY EXPRESS OR IMPLIED WARRANTIES, INCLUDING, BUT NOT LIMITED TO,
 * THE IMPLIED WARRANTIES OF MERCHANTABILITY AND FITNESS FOR A PARTICULAR
 * PURPOSE ARE DISCLAIMED. IN NO EVENT SHALL THE COPYRIGHT OWNER OR
 * CONTRIBUTORS BE LIABLE FOR ANY DIRECT, INDIRECT, INCIDENTAL, SPECIAL,
 * EXEMPLARY, OR CONSEQUENTIAL DAMAGES (INCLUDING, BUT NOT LIMITED TO,
 * PROCUREMENT OF SUBSTITUTE GOODS OR SERVICES; LOSS OF USE, DATA, OR PROFITS;
 * OR BUSINESS INTERRUPTION) HOWEVER CAUSED AND ON ANY THEORY OF LIABILITY,
 * WHETHER IN CONTRACT, STRICT LIABILITY, OR TORT (INCLUDING NEGLIGENCE OR
 * OTHERWISE) ARISING IN ANY WAY OUT OF THE USE OF THIS SOFTWARE,
 * EVEN IF ADVISED OF THE POSSIBILITY OF SUCH DAMAGE.
 */
/*!****************************************************************************
 *  @file       pqc_mldsa_87_sign_ctx_pure.c
 *  @brief      PQC module ML-DSA-87 pure sign basic example
 * 
 *  This code example demonstrates how to use the ML-DSA-87 sign
 *  function to sign a message with a ML-DSA-87 secret key using the pure
 *  signing mode (no pre-hash, message passed directly) with a context string.
 *
 *  The NIST CAVP FIPS 204 ML-DSA key generation test case ID #61 is used here
 *  to demonstate the sign computation.  The routine is expected
 *  to return a success status and the actual (computed) signature is
 *  expected to match the expected (stored) signature.
 *
 ******************************************************************************
 */

#include "ti_msp_dl_config.h"
#include "ti/crypto/include/msp-crypto-lib.h"

/* The NIST CAVP ML-DSA sign test #61 message vector */
static const uint8_t cavp_mldsa_87_sign_id61_msg[6775] = {
    0xFF, 0xF6, 0x59, 0x13, 0x54, 0x12, 0x3A, 0x64, 0x80, 0x16, 0xBE, 0x8E, 
    0xAA, 0xBE, 0x83, 0x36, 0x2E, 0x82, 0x86, 0x2B, 0xED, 0x61, 0x13, 0x87, 
    0x88, 0xBE, 0xA1, 0x66, 0x46, 0xD6, 0x19, 0xBF, 0x84, 0x1F, 0x1C, 0x16, 
    0x39, 0x0B, 0x11, 0x25, 0xF3, 0xE8, 0x35, 0x6C, 0x8D, 0x76, 0xB6, 0xE3, 
    0x28, 0xFB, 0xEE, 0x06, 0xBE, 0x9C, 0xBA, 0x1C, 0x0D, 0x92, 0x1E, 0x66, 
    0x37, 0x2E, 0x4C, 0xB5, 0x83, 0x4C, 0x04, 0x61, 0xA2, 0xAB, 0x32, 0x1D, 
    0x88, 0x44, 0xC7, 0xA7, 0x7D, 0x21, 0x1A, 0xA7, 0x24, 0xD9, 0x95, 0x92, 
    0x8B, 0x9C, 0x0C, 0x89, 0x80, 0xBE, 0xC2, 0x6B, 0x28, 0x99, 0x69, 0xBB, 
    0x8F, 0xB2, 0x8D, 0xA8, 0x1D, 0xDB, 0xBC, 0xBD, 0x8E, 0x7A, 0xA2, 0xCA, 
    0x26, 0x3B, 0xDB, 0xD0, 0xFE, 0x47, 0xFF, 0xA1, 0xEA, 0xDC, 0x68, 0x11, 
    0xF5, 0x22, 0x3C, 0x5F, 0x68, 0xC0, 0x98, 0x2A, 0x0F, 0xED, 0xE2, 0x58, 
    0xF1, 0x18, 0xEE, 0x24, 0x7B, 0x7F, 0x6E, 0xF4, 0xAD, 0x01, 0xAB, 0xBD, 
    0x1E, 0x2B, 0x2B, 0xC0, 0xC4, 0x79, 0xA9, 0x72, 0x0B, 0x7F, 0xC0, 0x0B, 
    0xFF, 0x38, 0x3D, 0xFD, 0x6F, 0x50, 0xCC, 0xD1, 0xF8, 0xF9, 0xFB, 0x29, 
    0x08, 0xC3, 0x1A, 0x94, 0x4E, 0x74, 0x90, 0xB5, 0x2D, 0x3B, 0x97, 0xA6, 
    0xBD, 0x08, 0x7B, 0xDB, 0xBF, 0xDB, 0x51, 0xEC, 0x42, 0xF6, 0xE7, 0x95, 
    0x14, 0xBD, 0x69, 0x3D, 0xB7, 0xD9, 0xF9, 0xB5, 0xD1, 0xE8, 0xC9, 0x3F, 
    0x54, 0x69, 0x4D, 0x5C, 0x6B, 0x02, 0x01, 0xE7, 0xCE, 0x51, 0xBA, 0xD8, 
    0x8D, 0x84, 0xAB, 0xF1, 0xAE, 0xCC, 0x12, 0xD1, 0x03, 0x6F, 0xFD, 0x9C, 
    0xD1, 0xFB, 0xB8, 0x2F, 0x22, 0x65, 0xF8, 0x77, 0xE0, 0x08, 0x5F, 0x6A, 
    0xCD, 0x00, 0xB9, 0x54, 0xC7, 0xEA, 0x05, 0x12, 0x59, 0x3A, 0x39, 0x70, 
    0x08, 0x1C, 0x1B, 0xC9, 0x60, 0xA9, 0x48, 0xB4, 0xD4, 0x1A, 0x5D, 0x24, 
    0x57, 0xC9, 0xD1, 0xD3, 0x64, 0x13, 0x13, 0xC7, 0xF4, 0xB4, 0x0D, 0xCA, 
    0x96, 0x73, 0x7B, 0x4B, 0x23, 0xD2, 0xB6, 0x2E, 0x20, 0x10, 0xF8, 0xF4, 
    0x38, 0x5C, 0x8B, 0xF3, 0xCF, 0x54, 0x1F, 0xDB, 0xCA, 0x4F, 0xC8, 0x42, 
    0x36, 0x28, 0xE4, 0x0F, 0x68, 0x59, 0x80, 0x01, 0x10, 0x54, 0x26, 0xEC, 
    0x9D, 0x18, 0x08, 0xF3, 0xF5, 0x28, 0x74, 0x1F, 0x0B, 0x08, 0xFC, 0x49, 
    0x23, 0x7B, 0x20, 0x75, 0xB6, 0x1E, 0x1E, 0xBD, 0x60, 0x18, 0x63, 0x2B, 
    0xC6, 0xAC, 0x56, 0x94, 0x30, 0x04, 0xFC, 0x35, 0xA5, 0xAF, 0x6F, 0xF0, 
    0xC9, 0xD5, 0xF9, 0xE8, 0x0C, 0x28, 0x5B, 0x99, 0x54, 0xAB, 0xBC, 0xBF, 
    0xEE, 0xB0, 0x06, 0x0D, 0x89, 0xCC, 0x9C, 0x0D, 0x08, 0xD1, 0xC8, 0xEF, 
    0x10, 0x81, 0x47, 0x66, 0xA1, 0x51, 0xF4, 0xE0, 0x3B, 0x0E, 0x26, 0xBC, 
    0x2C, 0xA7, 0x89, 0xFC, 0x26, 0x6C, 0xFD, 0x8E, 0x9B, 0x67, 0x16, 0x78, 
    0x6B, 0x9E, 0x86, 0x99, 0x8F, 0xAB, 0xFF, 0xEF, 0x91, 0x26, 0x90, 0x96, 
    0x25, 0x82, 0x06, 0x52, 0x3A, 0x57, 0x27, 0x04, 0x29, 0x71, 0xAC, 0x10, 
    0x66, 0x2C, 0xB9, 0x08, 0xC1, 0x5A, 0x16, 0xA1, 0x17, 0x6C, 0xE9, 0xA8, 
    0xA3, 0x2E, 0x37, 0x63, 0x13, 0x4F, 0x2D, 0xD9, 0xB7, 0xEF, 0x29, 0xE0, 
    0x74, 0xBE, 0xE9, 0xB1, 0x09, 0x2D, 0xE5, 0x54, 0x46, 0x2A, 0xC8, 0xC7, 
    0x0E, 0x12, 0x3E, 0xBF, 0x00, 0x48, 0x85, 0x4E, 0x62, 0x7A, 0x11, 0x23, 
    0x09, 0x30, 0x31, 0x0E, 0xC6, 0xF3, 0x3A, 0x2E, 0xF4, 0xC8, 0x1B, 0x00, 
    0x19, 0x16, 0xE9, 0x9D, 0xBB, 0x4B, 0x22, 0xB4, 0x51, 0x41, 0x93, 0x44, 
    0x5D, 0xF4, 0xCD, 0xF2, 0x1D, 0x1D, 0xA8, 0x8F, 0xBE, 0x02, 0xC8, 0xF2, 
    0xCB, 0xA0, 0xA0, 0x69, 0xDE, 0x19, 0x08, 0xA2, 0x57, 0x9C, 0xB3, 0xCD, 
    0x3A, 0xA3, 0x6B, 0x0B, 0x0A, 0xCF, 0x26, 0xD1, 0x23, 0xFC, 0xAE, 0x66, 
    0x5D, 0x19, 0x48, 0xFC, 0x6A, 0x72, 0x9C, 0xCD, 0xE3, 0x24, 0x41, 0x26, 
    0x57, 0x2D, 0x84, 0x77, 0x12, 0xB7, 0x41, 0x0B, 0x5A, 0x2A, 0x0B, 0x66, 
    0x19, 0x13, 0x02, 0x5B, 0xCF, 0xAB, 0x17, 0x0C, 0xC6, 0xF7, 0x97, 0x63, 
    0x91, 0x1B, 0x59, 0x99, 0xA7, 0x0E, 0xF8, 0x45, 0x0A, 0x85, 0x1F, 0x0D, 
    0x2A, 0xF6, 0x7D, 0x3A, 0x08, 0x75, 0x5E, 0xF5, 0x7C, 0xDA, 0x17, 0xC4, 
    0x0B, 0x44, 0xDB, 0xDC, 0x6A, 0x4B, 0xAB, 0x76, 0x3A, 0xAF, 0x6D, 0x8F, 
    0xF2, 0x4A, 0x80, 0xB8, 0x20, 0x87, 0x40, 0x31, 0xD8, 0x0E, 0x9F, 0xAB, 
    0x88, 0x81, 0x57, 0x72, 0x6E, 0xD2, 0x12, 0xFF, 0xAB, 0x4B, 0xE4, 0x28, 
    0xC7, 0x18, 0xCD, 0x4A, 0xB7, 0xF7, 0x1B, 0xCA, 0xA1, 0x05, 0xBC, 0x60, 
    0xE7, 0xCC, 0xC7, 0x8E, 0xD9, 0xC3, 0x10, 0xEF, 0x6C, 0xA2, 0xF4, 0x37, 
    0x95, 0x63, 0x6D, 0x56, 0x79, 0x0F, 0x95, 0xAE, 0xAA, 0x68, 0x85, 0xE7, 
    0x16, 0x19, 0xF4, 0xE8, 0xFE, 0x0C, 0x4D, 0x7D, 0xB8, 0xEC, 0xD5, 0xDB, 
    0x28, 0x8B, 0x0E, 0x40, 0xFA, 0x8E, 0x91, 0x4C, 0x00, 0xE3, 0x64, 0xAC, 
    0xDF, 0x19, 0xD6, 0xEE, 0x82, 0x75, 0x4C, 0xBD, 0xA8, 0xF0, 0x1A, 0xE8, 
    0x03, 0x0A, 0x7E, 0xFD, 0xEF, 0xF5, 0x1A, 0xF9, 0x0F, 0x4D, 0x70, 0x4F, 
    0xFE, 0x18, 0x23, 0xF7, 0x26, 0x2D, 0xD8, 0x30, 0x02, 0xF8, 0xF2, 0x7C, 
    0x09, 0x3C, 0x72, 0xD3, 0xE6, 0xE5, 0x28, 0x99, 0xDB, 0x0C, 0x58, 0x1D, 
    0x86, 0xB7, 0x7A, 0xD8, 0x14, 0x66, 0xA4, 0xD2, 0x96, 0xDF, 0x2B, 0xF5, 
    0x48, 0x33, 0xA3, 0xD1, 0x89, 0xF6, 0xF4, 0x5B, 0x27, 0x05, 0xB4, 0x69, 
    0xCD, 0x2F, 0x60, 0xB4, 0x1F, 0x06, 0x2F, 0x29, 0x0D, 0x6C, 0x2A, 0xC9, 
    0xFF, 0x61, 0x27, 0xF6, 0x54, 0x1A, 0x81, 0xBE, 0xA6, 0x3F, 0x03, 0x46, 
    0x99, 0x48, 0xA0, 0x0A, 0x36, 0x65, 0x89, 0xB1, 0x80, 0x79, 0x3A, 0x3B, 
    0x5D, 0xF8, 0xEC, 0x18, 0x9E, 0xD1, 0x34, 0x4B, 0x7A, 0x3C, 0x19, 0x29, 
    0x00, 0x2B, 0xC1, 0xB1, 0xB6, 0x35, 0xE3, 0x07, 0x6A, 0xBD, 0xAD, 0x0B, 
    0x1F, 0xCD, 0xFB, 0x42, 0xB7, 0xA4, 0x06, 0x19, 0x8B, 0x27, 0x21, 0x15, 
    0xCB, 0x38, 0xF3, 0x8A, 0x47, 0x6D, 0x04, 0x46, 0x54, 0xBF, 0xD8, 0x31, 
    0xA7, 0x41, 0x55, 0x86, 0x93, 0xC5, 0x63, 0x7F, 0x0D, 0xB8, 0x50, 0x92, 
    0x5B, 0x7C, 0xB9, 0x7E, 0x83, 0x6D, 0xE9, 0xD9, 0x5C, 0x68, 0xF2, 0x0C, 
    0xBB, 0x76, 0xCD, 0xCE, 0x3C, 0xBB, 0xC4, 0x70, 0x60, 0x57, 0xBE, 0x71, 
    0x23, 0x8A, 0x86, 0x74, 0x01, 0x7E, 0x7D, 0xBE, 0x44, 0xAF, 0x00, 0x15, 
    0x3C, 0x40, 0x02, 0x18, 0x2F, 0x39, 0x88, 0x66, 0xB2, 0x79, 0x10, 0x19, 
    0x3A, 0x64, 0xFD, 0x8B, 0x76, 0x94, 0x41, 0x5C, 0x92, 0xF5, 0xBF, 0x85, 
    0x86, 0x19, 0x12, 0xE5, 0xCE, 0xA5, 0x85, 0xCC, 0x90, 0x07, 0x32, 0x3A, 
    0x46, 0x3A, 0x05, 0xA2, 0xB3, 0x51, 0x67, 0xE2, 0x10, 0x0D, 0x8D, 0x14, 
    0x63, 0x4C, 0x63, 0xC9, 0x7B, 0x91, 0x1D, 0x6E, 0x7B, 0x48, 0x52, 0x35, 
    0xDB, 0x3C, 0xB7, 0x1A, 0x5B, 0x20, 0x27, 0xC8, 0x78, 0x61, 0xD8, 0xD9, 
    0x5E, 0xBD, 0xEE, 0xB0, 0x64, 0x3A, 0xCE, 0xD8, 0x4E, 0xEE, 0x21, 0x86, 
    0xBF, 0xE0, 0xEC, 0xB7, 0xD0, 0xAB, 0x9B, 0x1E, 0x13, 0x63, 0x5F, 0xA1, 
    0x01, 0xCC, 0x1D, 0xDE, 0xE5, 0xDC, 0x02, 0x85, 0xD2, 0x23, 0xA9, 0x68, 
    0x49, 0xED, 0x1A, 0x17, 0x67, 0x66, 0x98, 0x3B, 0xDE, 0xB9, 0xE6, 0x78, 
    0xFF, 0x0C, 0xA4, 0x7A, 0xE6, 0xAA, 0xFC, 0x08, 0x26, 0x37, 0x9D, 0x7E, 
    0x51, 0x36, 0x3E, 0xE7, 0x29, 0x00, 0x3F, 0xA5, 0x59, 0xEC, 0xC4, 0x74, 
    0x26, 0x82, 0xC9, 0x10, 0x6B, 0x85, 0xD9, 0x9F, 0x4A, 0x6E, 0x15, 0x24, 
    0xC3, 0x2B, 0x85, 0x12, 0xC8, 0x03, 0x55, 0x0D, 0x62, 0x40, 0x99, 0x31, 
    0x76, 0x04, 0xC1, 0xB7, 0x58, 0x31, 0xE7, 0x14, 0x30, 0x67, 0xA6, 0x6B, 
    0xBD, 0xC5, 0x0B, 0x7B, 0x44, 0x00, 0xBF, 0xEA, 0x67, 0xB5, 0xEB, 0xEA, 
    0xB7, 0x98, 0xD6, 0x40, 0x01, 0xF5, 0xDC, 0xCC, 0xED, 0x87, 0xD5, 0x77, 
    0x01, 0x1E, 0x9F, 0x0A, 0x59, 0x7C, 0xD9, 0xAF, 0x15, 0x3C, 0xAB, 0x9F, 
    0x43, 0x56, 0x02, 0x3E, 0x0C, 0x87, 0xB8, 0x4C, 0x7B, 0xC2, 0xD5, 0xF8, 
    0x3B, 0x40, 0x91, 0x0A, 0x17, 0xBC, 0xA8, 0x68, 0x65, 0x4E, 0xD1, 0x47, 
    0x3F, 0xCB, 0x72, 0x20, 0x01, 0x67, 0xAC, 0x8D, 0x90, 0x12, 0x81, 0x92, 
    0xFF, 0xF4, 0x88, 0x96, 0xF0, 0x3B, 0xC5, 0xD2, 0x66, 0xDE, 0xD6, 0xCB, 
    0x9C, 0xDB, 0x17, 0xC2, 0xCA, 0x3B, 0xB2, 0xC4, 0xE9, 0x02, 0x32, 0x94, 
    0x1D, 0xA8, 0x87, 0x41, 0x94, 0x3C, 0xD6, 0x11, 0x0C, 0x2E, 0xE5, 0x2E, 
    0x7E, 0x73, 0xA4, 0x17, 0x13, 0xBA, 0x4A, 0x72, 0x60, 0x90, 0xC8, 0x89, 
    0xA9, 0x41, 0xC9, 0x67, 0x23, 0x8D, 0xC0, 0xE5, 0x22, 0x06, 0x09, 0x95, 
    0x52, 0xD8, 0x8D, 0xB1, 0x50, 0x37, 0x5C, 0x65, 0x64, 0xC1, 0x03, 0x93, 
    0xA3, 0xD5, 0x52, 0xAA, 0xE8, 0x55, 0x9B, 0x27, 0x3E, 0xDA, 0x1A, 0x22, 
    0xED, 0x27, 0x48, 0x68, 0x93, 0x4A, 0xEF, 0x82, 0x07, 0x48, 0xED, 0x65, 
    0x64, 0x33, 0xC7, 0xFC, 0xB7, 0x06, 0x64, 0xC4, 0x63, 0xB6, 0x8F, 0x6C, 
    0xF6, 0x54, 0x30, 0x12, 0x88, 0x10, 0xDD, 0x40, 0x3E, 0xF2, 0xE4, 0x18, 
    0x33, 0x13, 0x6C, 0xC8, 0x85, 0x67, 0x4A, 0x32, 0x41, 0x49, 0xFE, 0x19, 
    0x68, 0x24, 0x38, 0x1B, 0x1A, 0x59, 0x15, 0xD1, 0x40, 0x7C, 0x7C, 0x00, 
    0x13, 0x75, 0xE9, 0x51, 0x7B, 0x2F, 0xAE, 0x63, 0x4D, 0x30, 0x21, 0xF0, 
    0x22, 0x7E, 0x1D, 0x78, 0x88, 0xCF, 0xE8, 0x73, 0x54, 0x44, 0x88, 0x72, 
    0x62, 0x58, 0x6F, 0xED, 0x55, 0x31, 0x49, 0x54, 0x04, 0x8E, 0x47, 0xA3, 
    0xE0, 0xD2, 0x02, 0x2A, 0xBC, 0x52, 0x5E, 0xF1, 0x97, 0x9B, 0x74, 0x89, 
    0x46, 0x6A, 0x03, 0x89, 0xD0, 0x80, 0x8E, 0x5B, 0x18, 0xCA, 0x24, 0x7D, 
    0x59, 0x6B, 0xB6, 0xAB, 0x21, 0xB8, 0x8B, 0x96, 0x08, 0x63, 0xE3, 0x8B, 
    0x59, 0xB9, 0xF4, 0xE3, 0x9F, 0xA1, 0x3C, 0x87, 0xD5, 0xC8, 0x58, 0x0C, 
    0xDD, 0x6A, 0x0D, 0x8F, 0x25, 0x4F, 0x06, 0xC4, 0x5E, 0x5B, 0xE3, 0xB1, 
    0x36, 0xFE, 0x92, 0xD4, 0x22, 0x4A, 0x52, 0x9E, 0x77, 0xE0, 0xF4, 0xDD, 
    0x10, 0xB4, 0xAB, 0x1F, 0x8E, 0x83, 0xD8, 0x3C, 0x1D, 0xEC, 0xA9, 0xB3, 
    0x8C, 0xAD, 0xE0, 0x5A, 0x02, 0x5A, 0x6C, 0x4D, 0x96, 0x05, 0x97, 0x4B, 
    0xC0, 0xCB, 0x0A, 0xAE, 0x05, 0x75, 0xF8, 0x86, 0x1E, 0x99, 0x3D, 0x06, 
    0xAA, 0x09, 0x1F, 0xCB, 0xA8, 0x7A, 0xB6, 0xCD, 0x49, 0x53, 0x9F, 0x2D, 
    0xF8, 0x58, 0x14, 0x6F, 0x67, 0x13, 0x77, 0x4E, 0xBA, 0x55, 0x28, 0xAE, 
    0x4F, 0x81, 0xB6, 0xD4, 0xB9, 0xF2, 0x07, 0x2C, 0xDB, 0xD9, 0xB3, 0x17, 
    0xCA, 0xD4, 0x60, 0x0E, 0x53, 0x51, 0xA0, 0xE9, 0x79, 0x5A, 0x2F, 0xBC, 
    0x4A, 0xB2, 0x79, 0x25, 0xC5, 0x18, 0xDF, 0x5D, 0x20, 0xE9, 0x9F, 0x09, 
    0x88, 0x0A, 0x1F, 0xE9, 0x3C, 0x19, 0x87, 0x28, 0x14, 0x5E, 0x21, 0xE0, 
    0x39, 0x3D, 0x67, 0x99, 0xB3, 0x49, 0x97, 0xEF, 0x8A, 0x3F, 0xDE, 0xD9, 
    0xDC, 0x44, 0x45, 0x62, 0x01, 0xC7, 0x76, 0xEC, 0xB4, 0x99, 0x4B, 0xBA, 
    0xEB, 0x54, 0x32, 0x11, 0x49, 0xBA, 0xFB, 0x28, 0x8B, 0x55, 0x69, 0x0B, 
    0x7B, 0xE1, 0x25, 0x96, 0xD6, 0x54, 0xA2, 0xD3, 0xC5, 0x0B, 0x3E, 0x6F, 
    0x2B, 0xD0, 0xE3, 0x10, 0x87, 0xAD, 0x36, 0xA2, 0x48, 0xE2, 0x7B, 0xD9, 
    0xDF, 0x6E, 0x43, 0x2D, 0x13, 0xA3, 0xE5, 0x1A, 0xB3, 0x71, 0x33, 0xE5, 
    0xD8, 0xFD, 0x9A, 0xEA, 0x3C, 0x94, 0x9D, 0x67, 0x2D, 0x12, 0x7F, 0x8C, 
    0xE7, 0x0F, 0xCB, 0x70, 0x70, 0x1D, 0x7C, 0xAE, 0xC6, 0xFE, 0x93, 0x70, 
    0x3F, 0xDF, 0x67, 0x62, 0x72, 0x6C, 0x82, 0xAA, 0x5D, 0xCA, 0x1F, 0x53, 
    0x1E, 0xA6, 0xC0, 0xC5, 0x91, 0x41, 0xD7, 0x73, 0xDE, 0x82, 0x0C, 0x7A, 
    0x06, 0x57, 0x86, 0x36, 0x1C, 0x90, 0xAF, 0xF8, 0x50, 0xB8, 0x91, 0xFD, 
    0x59, 0x2E, 0xA9, 0x05, 0x86, 0x5D, 0x0F, 0xF4, 0x8A, 0xD1, 0xC8, 0xF6, 
    0x54, 0x98, 0x3E, 0x76, 0xF6, 0xE4, 0x28, 0xD0, 0xDC, 0xC1, 0x91, 0x1B, 
    0x71, 0x09, 0x08, 0x6C, 0xBF, 0xA9, 0x24, 0xE7, 0x9D, 0x15, 0x5E, 0xD0, 
    0xB8, 0xCE, 0x57, 0x07, 0x53, 0xE9, 0x3C, 0x97, 0x73, 0xF8, 0x3F, 0x24, 
    0xFC, 0x6E, 0xA2, 0x75, 0x9F, 0x2E, 0x12, 0xB7, 0xFE, 0x61, 0xD4, 0xDE, 
    0x64, 0x62, 0xDD, 0xC6, 0x69, 0x3C, 0xEF, 0x94, 0xBD, 0x3B, 0xE5, 0x99, 
    0x59, 0xC8, 0xFE, 0xEF, 0x79, 0x90, 0x7D, 0x45, 0xE7, 0x6D, 0xCE, 0x9C, 
    0x70, 0x8E, 0x23, 0x8C, 0xA9, 0x1B, 0x0B, 0x9D, 0x67, 0xB1, 0xCF, 0x51, 
    0xD8, 0xB5, 0x28, 0xF0, 0x3E, 0x26, 0x92, 0xCB, 0x0B, 0x12, 0x03, 0xC3, 
    0xBB, 0xBC, 0xD3, 0x0A, 0xFE, 0x3C, 0x8F, 0x34, 0xB4, 0xB5, 0x7B, 0x91, 
    0x2C, 0x2D, 0xBA, 0x50, 0x06, 0xF0, 0xAB, 0x5D, 0x8C, 0xB9, 0xAB, 0x4C, 
    0x9A, 0x7B, 0x82, 0x76, 0xA2, 0x82, 0x51, 0xEB, 0x1F, 0x4F, 0xBA, 0x64, 
    0x6B, 0x11, 0x8E, 0x13, 0x0E, 0x5B, 0x0B, 0x83, 0x02, 0xC2, 0x6C, 0xC0, 
    0x9D, 0x35, 0x4E, 0x5C, 0xFE, 0x23, 0x13, 0x75, 0x20, 0x3F, 0x1B, 0x8C, 
    0x4F, 0x9D, 0x90, 0xC0, 0x39, 0x7E, 0x53, 0x98, 0xED, 0x58, 0x85, 0x54, 
    0x4D, 0xA9, 0x80, 0x9F, 0x2F, 0xCC, 0x8C, 0xB5, 0x08, 0xD1, 0x14, 0x33, 
    0x43, 0x8A, 0x6A, 0x73, 0xE8, 0xA8, 0xBD, 0xF1, 0x65, 0xDB, 0xBD, 0x8E, 
    0xFB, 0x3B, 0x4F, 0x8E, 0x78, 0x75, 0x91, 0xB2, 0x68, 0x91, 0xE7, 0x68, 
    0x96, 0xFB, 0x1D, 0xDD, 0x30, 0x80, 0x68, 0x0C, 0x2C, 0x8B, 0xFB, 0x88, 
    0x0D, 0xCC, 0x0E, 0x7F, 0x0A, 0xED, 0xE5, 0x35, 0x12, 0x17, 0x9B, 0x4D, 
    0xA9, 0xBD, 0x36, 0x71, 0xDE, 0x41, 0xBF, 0x3E, 0x13, 0x77, 0x40, 0xF6, 
    0x27, 0xC8, 0xDE, 0x4A, 0x11, 0xCF, 0xA5, 0x96, 0x88, 0xF9, 0x4C, 0xAF, 
    0xE6, 0x6F, 0xF3, 0x27, 0xCF, 0xFB, 0xDF, 0xD6, 0xF2, 0x45, 0xA5, 0x0F, 
    0xCB, 0x79, 0xDB, 0xD2, 0x22, 0x84, 0x82, 0x59, 0x7B, 0xF4, 0xEF, 0xFE, 
    0x15, 0xB5, 0x30, 0xF1, 0xED, 0x8D, 0x92, 0x4F, 0xCD, 0x02, 0xEB, 0xB9, 
    0x13, 0xE1, 0xC2, 0x95, 0xD0, 0xBB, 0xEB, 0x17, 0xC6, 0xF4, 0xFF, 0x41, 
    0xC0, 0x93, 0x24, 0x1B, 0x48, 0x19, 0xB2, 0xD1, 0x29, 0x07, 0x08, 0x92, 
    0x91, 0xB0, 0x92, 0xDE, 0x5D, 0x6C, 0x04, 0xCB, 0xBB, 0x9C, 0x66, 0x46, 
    0x9F, 0xCB, 0x73, 0x2D, 0xC6, 0x19, 0x06, 0x1D, 0x47, 0xC2, 0xA1, 0x80, 
    0x6C, 0xEF, 0xBB, 0xD1, 0xCE, 0xA6, 0x56, 0x79, 0x27, 0x62, 0x61, 0x43, 
    0xE9, 0xB1, 0x30, 0xCD, 0x12, 0x47, 0x03, 0x62, 0x14, 0x90, 0x0B, 0x04, 
    0xEA, 0x80, 0x78, 0x80, 0x81, 0x30, 0xF4, 0xF2, 0xF3, 0x7C, 0x90, 0x8D, 
    0x39, 0x16, 0x13, 0xBF, 0xFF, 0x7A, 0xD6, 0xAB, 0xD0, 0x5E, 0xAE, 0x3E, 
    0x99, 0x87, 0x4E, 0x3B, 0xB4, 0x95, 0xFD, 0xFC, 0x7D, 0xF5, 0xE7, 0xE1, 
    0x66, 0x56, 0xF4, 0xFE, 0x0D, 0x31, 0xA1, 0x98, 0xF0, 0xCA, 0x54, 0x60, 
    0x83, 0xB8, 0xF8, 0x11, 0x8D, 0x89, 0xFA, 0xD2, 0x62, 0xDE, 0xD6, 0x75, 
    0x2E, 0x01, 0x23, 0x95, 0x15, 0x81, 0x57, 0x8E, 0x76, 0x96, 0x77, 0xF7, 
    0x8C, 0x63, 0x34, 0xCA, 0x30, 0x11, 0x1D, 0x70, 0xFD, 0x7C, 0x3D, 0xD8, 
    0x2A, 0x12, 0x7D, 0xD5, 0x83, 0x5E, 0x78, 0xDE, 0x4D, 0x80, 0x61, 0x41, 
    0xFB, 0xD2, 0xA9, 0x0E, 0x3A, 0x51, 0xDC, 0xC1, 0x90, 0x22, 0x24, 0x0A, 
    0x5E, 0x7E, 0x30, 0xDA, 0xBC, 0x24, 0xF5, 0x90, 0x43, 0x1E, 0x67, 0xBE, 
    0x8F, 0x92, 0xE0, 0x53, 0x57, 0x08, 0x1A, 0xB0, 0x6E, 0x92, 0x48, 0x61, 
    0xEB, 0xDA, 0x94, 0xF3, 0x0C, 0x81, 0xF7, 0x92, 0xD1, 0x0D, 0x67, 0x63, 
    0xB1, 0xD0, 0xE6, 0x68, 0x30, 0xD0, 0xD3, 0x44, 0x33, 0x95, 0xE8, 0xCF, 
    0x44, 0xE9, 0x42, 0x87, 0xB5, 0xF5, 0x17, 0xC5, 0xE2, 0xE2, 0xAB, 0xA3, 
    0x8C, 0x26, 0x60, 0x17, 0x63, 0x9A, 0x54, 0x77, 0x61, 0x25, 0x3D, 0x9A, 
    0x90, 0xCF, 0xA6, 0x86, 0x57, 0x2A, 0x43, 0x97, 0x7D, 0x21, 0x19, 0x6D, 
    0x98, 0x5A, 0x2D, 0x26, 0x85, 0xC8, 0x88, 0xEF, 0x6B, 0x76, 0x38, 0xD7, 
    0x56, 0x2B, 0x6E, 0x76, 0x2C, 0x65, 0xF0, 0x5E, 0x57, 0xDB, 0xE1, 0xE2, 
    0x1C, 0x9C, 0x8E, 0x6A, 0xD1, 0x16, 0x1A, 0xC5, 0xFD, 0xB7, 0x43, 0xD1, 
    0x11, 0x81, 0xDD, 0x51, 0x83, 0x94, 0x76, 0x71, 0xB2, 0xC2, 0x23, 0xE5, 
    0x95, 0x15, 0xAD, 0x97, 0xE6, 0x17, 0x25, 0xDC, 0x2B, 0x3F, 0xA7, 0x62, 
    0x1A, 0x0C, 0x83, 0xE1, 0xE8, 0xEA, 0x99, 0x7A, 0x11, 0x04, 0x8C, 0xD9, 
    0xFD, 0xD7, 0x75, 0x7C, 0xB7, 0x0D, 0x21, 0xC3, 0xFF, 0xA8, 0x77, 0x55, 
    0xF8, 0x02, 0xAF, 0x97, 0x31, 0x55, 0xD6, 0x9D, 0x5A, 0xDA, 0x29, 0xF9, 
    0x11, 0x2E, 0x7F, 0xD4, 0x85, 0x23, 0x8E, 0x0D, 0x6A, 0xA5, 0x99, 0x96, 
    0xAE, 0x56, 0x31, 0x01, 0xDD, 0x02, 0x3D, 0x43, 0x05, 0x95, 0x10, 0x67, 
    0xBE, 0x1F, 0x9D, 0xA0, 0x11, 0xF6, 0x7F, 0x96, 0x6D, 0x24, 0xD3, 0xE9, 
    0x0F, 0xFE, 0xC5, 0x3D, 0xEC, 0x7D, 0xEA, 0x08, 0x6A, 0x6E, 0xB7, 0xCE, 
    0xF5, 0xE7, 0x94, 0xDA, 0x71, 0x96, 0x1E, 0xE4, 0x17, 0x8E, 0xD2, 0x4B, 
    0x60, 0x7A, 0x8A, 0x54, 0xAD, 0x03, 0x04, 0x66, 0x25, 0x26, 0xE9, 0x71, 
    0xDC, 0xAF, 0xDA, 0x24, 0x79, 0x28, 0xF6, 0x91, 0x6B, 0xFD, 0x1A, 0x9B, 
    0x4A, 0x2D, 0x9A, 0x72, 0x8B, 0xF9, 0x0F, 0xF8, 0x6F, 0xA1, 0xEC, 0xC6, 
    0xA1, 0x64, 0x30, 0x60, 0xFF, 0x22, 0xCC, 0x10, 0x83, 0xDF, 0x07, 0x0C, 
    0x08, 0xA9, 0xDD, 0x27, 0x87, 0x42, 0xED, 0x4C, 0x40, 0x2C, 0xB8, 0xDE, 
    0x64, 0x04, 0x88, 0xF2, 0x36, 0x6C, 0x50, 0xE3, 0xBC, 0xE3, 0xCD, 0x57, 
    0x4F, 0x7D, 0xD4, 0x58, 0x4A, 0x5B, 0xC8, 0x03, 0x0B, 0xFF, 0x76, 0x13, 
    0xEB, 0x46, 0x65, 0xC0, 0x85, 0xA8, 0xA9, 0x6F, 0xBB, 0x80, 0xDD, 0xD3, 
    0x7A, 0x17, 0x6C, 0x4B, 0xE2, 0x12, 0x0B, 0x7F, 0xBD, 0xC9, 0x6D, 0xEC, 
    0x02, 0x72, 0xF5, 0xEA, 0x9B, 0x74, 0x5F, 0x41, 0xD8, 0x03, 0x09, 0xA2, 
    0xB8, 0x32, 0xF6, 0xC7, 0x62, 0x8B, 0x20, 0xBD, 0x69, 0xD6, 0xCB, 0x3F, 
    0x46, 0x64, 0x78, 0x6A, 0x40, 0x4E, 0x17, 0xF4, 0xE9, 0x1D, 0xF2, 0x7C, 
    0x70, 0x0B, 0xFA, 0xDC, 0x3E, 0x46, 0xAA, 0x46, 0x56, 0xB2, 0xB0, 0x5A, 
    0x7D, 0x4C, 0xCD, 0xD4, 0xBE, 0x57, 0x0A, 0xF5, 0xEE, 0x65, 0xF6, 0x96, 
    0x51, 0x9D, 0x88, 0x82, 0x49, 0x60, 0x55, 0x68, 0x8D, 0x74, 0x14, 0x2F, 
    0x5F, 0xDE, 0x14, 0x73, 0xCC, 0xBA, 0xA5, 0x3C, 0xFB, 0xC9, 0x07, 0xC8, 
    0xD0, 0x60, 0x55, 0x3E, 0x86, 0x80, 0xF0, 0x84, 0x3B, 0x5A, 0xBB, 0x52, 
    0xBA, 0x76, 0x00, 0xFC, 0xEE, 0xAB, 0x23, 0x85, 0x15, 0x9E, 0x34, 0x13, 
    0x95, 0x90, 0x76, 0xDF, 0xEA, 0x31, 0xF1, 0x0C, 0xEF, 0x42, 0xF9, 0x49, 
    0x5D, 0x44, 0x13, 0xB1, 0xFA, 0x29, 0xCE, 0x94, 0xF1, 0xA9, 0x04, 0x42, 
    0x99, 0x90, 0x6E, 0xEC, 0xD5, 0xF7, 0x0B, 0xC9, 0xAA, 0xB2, 0x82, 0x99, 
    0x31, 0xEA, 0xAE, 0x09, 0xEE, 0xAD, 0xFC, 0xBE, 0xB8, 0x9A, 0x8D, 0x5D, 
    0x97, 0xF9, 0x7D, 0x21, 0x68, 0xDF, 0xC5, 0x17, 0x2A, 0xA7, 0xCA, 0x99, 
    0x3B, 0xE0, 0xBA, 0xEC, 0x01, 0xB2, 0xE4, 0xEA, 0xA1, 0xAB, 0xAB, 0x77, 
    0x4A, 0x36, 0x73, 0xB7, 0xC1, 0x2F, 0xEA, 0x63, 0x29, 0xA9, 0xCC, 0x8F, 
    0xE3, 0x0D, 0x7B, 0x8E, 0x9C, 0x24, 0x44, 0xDD, 0x61, 0xF9, 0x40, 0x62, 
    0x64, 0xBE, 0xEE, 0xA3, 0xFE, 0xB6, 0x07, 0x63, 0x89, 0x60, 0x2E, 0xE4, 
    0x6D, 0x61, 0x3C, 0x6F, 0x84, 0x2B, 0x92, 0x7B, 0x42, 0x1E, 0xAA, 0xEF, 
    0x55, 0xE2, 0xA1, 0xA8, 0x0E, 0x34, 0xD8, 0x79, 0x1A, 0xE1, 0x19, 0xFD, 
    0x9E, 0x6F, 0x8F, 0xBB, 0x25, 0x0F, 0xAE, 0x8E, 0xFD, 0xD1, 0x70, 0x3D, 
    0xCC, 0x53, 0x11, 0x39, 0x72, 0x5B, 0x44, 0x7E, 0xBC, 0x8C, 0x12, 0x8D, 
    0x72, 0x2D, 0x72, 0x38, 0xEF, 0x2C, 0xB5, 0xDE, 0x9F, 0x08, 0xC3, 0x96, 
    0x65, 0x04, 0xD7, 0x87, 0x9D, 0x66, 0x7C, 0x67, 0x70, 0x13, 0xD5, 0x81, 
    0x6C, 0xC7, 0xA5, 0xD0, 0xC0, 0xB9, 0x06, 0x62, 0x05, 0xF5, 0xC0, 0xFC, 
    0x96, 0x4B, 0xF5, 0x7A, 0x38, 0xE0, 0x51, 0xA2, 0xD5, 0x7E, 0x01, 0x18, 
    0x2B, 0x05, 0x37, 0xC3, 0xEE, 0x17, 0x83, 0x33, 0x29, 0x09, 0x84, 0xE4, 
    0xA6, 0xED, 0xBF, 0xF1, 0xAB, 0x98, 0x15, 0x67, 0x1D, 0x02, 0x8C, 0xD4, 
    0x29, 0x6B, 0x7F, 0xF3, 0x47, 0xFF, 0x8B, 0xF0, 0xAB, 0x4B, 0xBE, 0x80, 
    0xAB, 0xB2, 0xFA, 0x1A, 0x5D, 0xDD, 0xFF, 0x23, 0x20, 0x1F, 0xE5, 0xB7, 
    0xD4, 0x98, 0xA2, 0x60, 0x6F, 0xAD, 0x64, 0xE9, 0x85, 0xE2, 0x75, 0xE9, 
    0x32, 0xE0, 0x11, 0x29, 0x2D, 0xA4, 0x03, 0x8B, 0xA5, 0x94, 0x8A, 0x4E, 
    0xF9, 0x84, 0x14, 0x81, 0xEB, 0x12, 0xB6, 0x9F, 0x55, 0xB1, 0xD4, 0x58, 
    0x28, 0xB8, 0x95, 0xAF, 0xD7, 0x63, 0x14, 0x35, 0x00, 0xF4, 0x9F, 0x71, 
    0x5F, 0xEB, 0x35, 0xD7, 0xBE, 0x3A, 0x69, 0xA9, 0xF1, 0xCB, 0x19, 0x04, 
    0x5C, 0x3B, 0x4C, 0x99, 0x18, 0x75, 0xDE, 0xD2, 0x52, 0x70, 0x14, 0x63, 
    0x7B, 0xC1, 0xC6, 0x0E, 0x3D, 0x7C, 0x19, 0x13, 0x89, 0x71, 0xBD, 0x38, 
    0xAB, 0xCF, 0x14, 0x33, 0x84, 0x27, 0xC8, 0x3D, 0x1C, 0x10, 0x71, 0x9D, 
    0x72, 0x51, 0xB1, 0x19, 0x07, 0x29, 0xE3, 0x1C, 0x24, 0xE1, 0xA6, 0xD3, 
    0x6D, 0xED, 0xD0, 0xBA, 0x08, 0x36, 0x15, 0xCE, 0xD9, 0xBF, 0xEB, 0xCA, 
    0x8F, 0xE5, 0xFB, 0x36, 0x8C, 0x38, 0x45, 0x21, 0x95, 0x33, 0xFC, 0x0E, 
    0x36, 0x22, 0x49, 0x9E, 0x3F, 0x96, 0xF8, 0x97, 0x99, 0xA4, 0x18, 0x80, 
    0x5D, 0x55, 0x75, 0x61, 0x31, 0x06, 0xD1, 0x6F, 0x60, 0xE8, 0x3B, 0x51, 
    0xC8, 0x23, 0xB3, 0x1C, 0x78, 0x3F, 0x77, 0x86, 0x6E, 0x2E, 0x0F, 0x7E, 
    0x97, 0x46, 0xD4, 0xAB, 0x2E, 0x4B, 0xB2, 0xCB, 0x37, 0xC4, 0x59, 0x40, 
    0x54, 0xBE, 0x60, 0x0C, 0xBA, 0x6B, 0x3D, 0x46, 0xA0, 0xE1, 0xE5, 0x14, 
    0x42, 0x26, 0xE3, 0x4B, 0x6F, 0x50, 0x44, 0xB7, 0x96, 0xCA, 0x1F, 0x92, 
    0x13, 0x8C, 0xDA, 0x9D, 0x2E, 0xDC, 0x32, 0xAE, 0x38, 0xF6, 0x43, 0x5C, 
    0x8A, 0xE7, 0xD6, 0xB2, 0xE5, 0xA5, 0x49, 0xB6, 0xD9, 0xE8, 0x38, 0x09, 
    0xE9, 0xE0, 0xA8, 0x69, 0x72, 0x91, 0x36, 0x98, 0x1A, 0xEB, 0xF4, 0x91, 
    0x1D, 0x22, 0xEC, 0xEA, 0x98, 0xBE, 0xFC, 0x7A, 0x30, 0xCC, 0x2B, 0x18, 
    0xBA, 0xB6, 0x49, 0xCC, 0x62, 0x39, 0x7D, 0x07, 0x1D, 0xF8, 0xC0, 0x1A, 
    0xC7, 0xCA, 0x6C, 0x35, 0x70, 0x73, 0x28, 0xB6, 0xFF, 0x90, 0x69, 0x2F, 
    0x72, 0xAC, 0xF0, 0x56, 0xEF, 0x56, 0x01, 0xA9, 0xFA, 0x6F, 0x34, 0xDE, 
    0xC7, 0xA7, 0x0B, 0x43, 0xA1, 0xF3, 0x22, 0x87, 0x52, 0x5E, 0x96, 0x88, 
    0x15, 0xEC, 0xD1, 0x31, 0x76, 0x26, 0x87, 0xEE, 0x95, 0x10, 0x74, 0x6E, 
    0x7C, 0x1E, 0xFB, 0x40, 0x7F, 0x12, 0x79, 0x5D, 0x53, 0x81, 0x21, 0x41, 
    0xA5, 0x9F, 0xDD, 0x87, 0x7F, 0xFF, 0x3F, 0xE6, 0x1A, 0x6D, 0x75, 0xEB, 
    0x96, 0x81, 0xBC, 0x73, 0xCC, 0x87, 0x60, 0xE8, 0xE9, 0xB0, 0xE2, 0x7E, 
    0x7A, 0xA1, 0x86, 0x92, 0x45, 0xB0, 0xF6, 0x8A, 0xD7, 0x67, 0xB3, 0x33, 
    0x9A, 0x54, 0x75, 0xF6, 0xF9, 0x5D, 0x1F, 0x5F, 0x9D, 0x76, 0xE1, 0x06, 
    0xA4, 0xBE, 0x0E, 0x49, 0x0C, 0xF9, 0xA9, 0x58, 0xD2, 0x77, 0xDB, 0xF4, 
    0xF5, 0x39, 0x44, 0x39, 0xCD, 0x13, 0x61, 0x77, 0x88, 0x61, 0x32, 0xDB, 
    0xD0, 0x6C, 0xE2, 0x92, 0x09, 0xB5, 0xF6, 0x56, 0x96, 0x7C, 0xCB, 0x89, 
    0xEA, 0xC3, 0x9D, 0x39, 0xDF, 0x3B, 0x94, 0xCC, 0x2F, 0x46, 0x63, 0xDB, 
    0xF0, 0x28, 0x15, 0x94, 0xCC, 0x77, 0x82, 0x70, 0x47, 0xF9, 0x0C, 0xA9, 
    0x32, 0x88, 0x93, 0x67, 0x44, 0x0B, 0x3A, 0x59, 0x14, 0x34, 0x61, 0xE2, 
    0xA7, 0x2E, 0xEF, 0x0A, 0xD1, 0x79, 0xD4, 0xDD, 0x16, 0x15, 0x1B, 0x9D, 
    0x1D, 0x3B, 0x61, 0xD0, 0xD5, 0xDF, 0xBD, 0x4C, 0xA5, 0x45, 0x68, 0xCE, 
    0x46, 0x66, 0x46, 0x04, 0x23, 0x79, 0xF0, 0x0B, 0xC5, 0x32, 0xD0, 0x2E, 
    0x48, 0x58, 0x4F, 0x05, 0x45, 0xB2, 0xEE, 0x9A, 0x57, 0xDA, 0xCE, 0x8B, 
    0x10, 0x5E, 0xD2, 0x05, 0x40, 0x27, 0x14, 0x78, 0x5D, 0x38, 0x62, 0x21, 
    0x7F, 0x1A, 0x8F, 0x04, 0xB0, 0x73, 0x77, 0xEB, 0xC7, 0x72, 0x2F, 0xA8, 
    0xE5, 0xFE, 0x73, 0xB9, 0xBD, 0xC5, 0x07, 0xA9, 0x88, 0xC6, 0x1E, 0xB3, 
    0x7E, 0xA1, 0x7F, 0x3C, 0x1E, 0x97, 0xA0, 0x78, 0x00, 0x35, 0x03, 0xB8, 
    0x6C, 0xAB, 0x60, 0x5E, 0x83, 0x56, 0x51, 0x2E, 0x11, 0x51, 0xA6, 0xBF, 
    0x64, 0x32, 0x10, 0xFE, 0xB0, 0x63, 0x57, 0x83, 0xD2, 0xFB, 0xB0, 0x10, 
    0xD1, 0xFA, 0x42, 0x19, 0xA0, 0x41, 0xF9, 0x8C, 0xBD, 0xD7, 0xEC, 0xCD, 
    0xC4, 0xB7, 0x0C, 0xDF, 0x49, 0xF1, 0xAE, 0x2E, 0xB2, 0x50, 0x37, 0x60, 
    0xB1, 0x41, 0xB9, 0xF9, 0xC2, 0xC1, 0x90, 0x58, 0x79, 0x24, 0x16, 0x8F, 
    0x36, 0x9B, 0x20, 0xC0, 0x80, 0x58, 0x10, 0x9C, 0x92, 0xC1, 0x40, 0x6A, 
    0x5D, 0x19, 0x45, 0x63, 0x54, 0x29, 0x35, 0xE7, 0x8A, 0x78, 0xB5, 0xC1, 
    0x02, 0x79, 0xE5, 0xCD, 0x73, 0x7F, 0x8F, 0x04, 0x21, 0x69, 0xF8, 0x8F, 
    0x55, 0x02, 0x58, 0xE7, 0x38, 0xC2, 0xD8, 0x66, 0x02, 0xBC, 0x73, 0xA7, 
    0x8F, 0x04, 0xD7, 0x08, 0x28, 0x37, 0xF9, 0x2F, 0x2B, 0x75, 0xC3, 0xD9, 
    0x40, 0x48, 0x5E, 0x6B, 0x28, 0x42, 0x26, 0xD0, 0xC0, 0xD4, 0x68, 0x2B, 
    0x32, 0x5E, 0x1F, 0x83, 0xA7, 0xE0, 0x36, 0xC6, 0x53, 0x25, 0x16, 0xD2, 
    0xEB, 0xB7, 0x47, 0x47, 0x3A, 0xB9, 0x64, 0xBE, 0x2E, 0x8B, 0x45, 0x57, 
    0x46, 0x80, 0x47, 0x39, 0x82, 0xC6, 0xCD, 0xA6, 0xD7, 0xC2, 0xC0, 0x6F, 
    0x7E, 0x33, 0xE8, 0x8F, 0x33, 0xF2, 0x64, 0x86, 0xA0, 0xA4, 0xEC, 0x6F, 
    0x7C, 0xA8, 0x97, 0x8E, 0x7B, 0x3F, 0xEE, 0xF2, 0xCE, 0x9E, 0xB7, 0x90, 
    0x6F, 0x6A, 0xB8, 0xB7, 0xAB, 0xB7, 0x76, 0xD7, 0x26, 0xC3, 0xF0, 0xD1, 
    0x47, 0xDF, 0xFD, 0x1D, 0x7E, 0x13, 0xF6, 0xFD, 0x10, 0xB6, 0xA4, 0x3B, 
    0x7E, 0x79, 0x5D, 0x4D, 0x9A, 0xE7, 0x33, 0x6F, 0x05, 0x30, 0x6E, 0x31, 
    0x0F, 0xE3, 0x99, 0x96, 0xA1, 0xFD, 0x26, 0x20, 0xE3, 0x16, 0x07, 0xD8, 
    0x8D, 0x88, 0xD9, 0x01, 0x0D, 0xBC, 0xC1, 0xDE, 0x9C, 0xC8, 0x9B, 0x45, 
    0x4E, 0x18, 0xD4, 0x4D, 0xE4, 0xD3, 0xE8, 0x4F, 0xB8, 0x8B, 0xA5, 0x58, 
    0x15, 0x03, 0xB9, 0xD1, 0x95, 0x40, 0x03, 0x19, 0xBF, 0xAB, 0x66, 0x6F, 
    0x34, 0x17, 0x42, 0xED, 0x80, 0x26, 0xBC, 0xB5, 0x3B, 0xAF, 0x9A, 0x5B, 
    0xCF, 0xBB, 0x60, 0xE7, 0x30, 0xC6, 0x84, 0xF3, 0xF7, 0x0E, 0x19, 0x50, 
    0xA9, 0x41, 0x04, 0x58, 0x7D, 0xD6, 0xF5, 0xE8, 0x73, 0xA4, 0x08, 0x44, 
    0xBB, 0x18, 0x16, 0x3C, 0x7E, 0x9D, 0x66, 0x2F, 0x53, 0x63, 0x13, 0x99, 
    0x98, 0x81, 0xF0, 0xB4, 0x93, 0xD9, 0x13, 0x3D, 0x5C, 0xFE, 0x05, 0x96, 
    0x63, 0x3B, 0x52, 0xA1, 0xDE, 0xED, 0xBE, 0xE2, 0x55, 0xF9, 0x68, 0x20, 
    0x7B, 0x18, 0xCD, 0x0A, 0x4B, 0x76, 0x4E, 0xAF, 0xD7, 0x67, 0x94, 0xD0, 
    0x78, 0xD4, 0xD5, 0x31, 0x86, 0x5E, 0x3E, 0x23, 0x38, 0x91, 0x55, 0x4C, 
    0xA8, 0xB1, 0xA5, 0xA2, 0x12, 0xEB, 0x01, 0x2D, 0x51, 0x68, 0x88, 0x69, 
    0x0B, 0x99, 0x9B, 0x9A, 0x22, 0x3E, 0x28, 0xB8, 0x87, 0xFA, 0x53, 0x84, 
    0x8F, 0xD0, 0xCD, 0x57, 0x26, 0xBA, 0x88, 0x04, 0x82, 0xD8, 0xA4, 0xE6, 
    0x10, 0x70, 0xED, 0x00, 0x20, 0x1C, 0xCB, 0xCB, 0x58, 0x65, 0x02, 0x54, 
    0xB5, 0x64, 0xDE, 0xC1, 0x95, 0xD7, 0x25, 0x4C, 0x98, 0xB6, 0x12, 0x00, 
    0xEB, 0x21, 0x49, 0x1C, 0x33, 0xE1, 0xCE, 0x0E, 0xED, 0x50, 0xFF, 0x00, 
    0x00, 0xBE, 0x8F, 0xAD, 0x47, 0xEB, 0x3A, 0xA2, 0xD1, 0xB9, 0x78, 0x70, 
    0xD6, 0xBC, 0xE5, 0x50, 0xE7, 0x92, 0x37, 0x10, 0x70, 0xEE, 0xBE, 0xAF, 
    0xC9, 0x12, 0xB6, 0x92, 0x07, 0xD4, 0x0D, 0x2E, 0xD4, 0xB4, 0x7D, 0x7A, 
    0x27, 0x0C, 0xDF, 0xCF, 0xC6, 0x83, 0xEE, 0xAA, 0xD1, 0x12, 0x2F, 0xE9, 
    0x73, 0xD6, 0xE2, 0xFB, 0x7F, 0xD4, 0xB5, 0x7D, 0x39, 0xB7, 0xB9, 0x26, 
    0xBA, 0x00, 0x25, 0xC0, 0x63, 0x49, 0x82, 0x06, 0xA6, 0x58, 0x26, 0xC9, 
    0x8D, 0xB6, 0xE4, 0x25, 0x6B, 0xF7, 0x66, 0x82, 0x39, 0x71, 0x93, 0x2D, 
    0x94, 0x70, 0x78, 0x57, 0xBB, 0x23, 0xD3, 0x4E, 0xD6, 0x6C, 0x86, 0xAA, 
    0xA9, 0x5A, 0xA1, 0x37, 0x95, 0x68, 0x5B, 0x06, 0x03, 0x76, 0x6B, 0xF7, 
    0x2B, 0x70, 0xA1, 0x0C, 0x06, 0x8F, 0x93, 0x41, 0xAB, 0xCF, 0x1A, 0x05, 
    0x81, 0x18, 0x6E, 0x01, 0x5F, 0x2A, 0x40, 0xF9, 0xAD, 0x10, 0x96, 0x0D, 
    0x04, 0x6C, 0x12, 0xCC, 0xB2, 0x3E, 0xFC, 0xAE, 0x75, 0xF9, 0x6F, 0x29, 
    0x25, 0x33, 0x79, 0x16, 0x65, 0x33, 0xBA, 0x3F, 0x67, 0xA6, 0xA4, 0xA7, 
    0x34, 0x0D, 0x44, 0x00, 0x25, 0xE1, 0xF0, 0x9B, 0x9A, 0xC7, 0x40, 0x7F, 
    0xA6, 0xF8, 0x74, 0x65, 0x0F, 0x82, 0xAB, 0x25, 0xBF, 0xA3, 0x0F, 0xA4, 
    0x2B, 0x66, 0xDA, 0x9E, 0xAB, 0x30, 0xD4, 0x45, 0xEC, 0xB8, 0xC4, 0x27, 
    0xA4, 0x0C, 0x30, 0x21, 0x1F, 0x2F, 0xCD, 0x34, 0xD7, 0xA4, 0x7C, 0x3F, 
    0xD2, 0x66, 0x6F, 0x3C, 0xEB, 0x90, 0x60, 0xF9, 0x35, 0xE8, 0x0C, 0x56, 
    0x02, 0x10, 0xCB, 0x67, 0xFC, 0x17, 0x24, 0x23, 0x38, 0x47, 0xCC, 0x7F, 
    0xBE, 0x97, 0xB5, 0x20, 0x9D, 0x45, 0x8D, 0x37, 0xBC, 0xDC, 0xAE, 0x77, 
    0x98, 0xD0, 0x5C, 0x10, 0xDB, 0xFD, 0x6E, 0x70, 0x8B, 0xEF, 0xB9, 0xD5, 
    0x4F, 0x6B, 0x7A, 0x64, 0xDC, 0x39, 0x1C, 0x81, 0xDE, 0x07, 0x0D, 0x48, 
    0xA0, 0x3C, 0xF7, 0xA4, 0x59, 0x98, 0x46, 0xBB, 0xE5, 0x1A, 0xD3, 0x76, 
    0x7C, 0x00, 0x5C, 0x54, 0xC8, 0xAA, 0x87, 0xCC, 0xE0, 0x56, 0x5C, 0x94, 
    0xE9, 0xE7, 0xD0, 0x02, 0x98, 0x93, 0x91, 0x6B, 0x46, 0xD9, 0x11, 0x38, 
    0x51, 0x37, 0x1B, 0x12, 0xBB, 0x99, 0x2B, 0xAB, 0x00, 0x63, 0x4B, 0xAC, 
    0x3B, 0xB4, 0x15, 0x70, 0x73, 0x54, 0x21, 0xB1, 0x74, 0x48, 0xDC, 0x75, 
    0xAA, 0x02, 0x55, 0x10, 0xC6, 0xD3, 0xD9, 0xC8, 0xAD, 0x98, 0x09, 0xDD, 
    0x1A, 0xFA, 0x20, 0x02, 0x08, 0xD0, 0xDD, 0xC5, 0x5C, 0x7A, 0x04, 0xED, 
    0xA4, 0x58, 0x3F, 0x20, 0xA1, 0xBE, 0xD0, 0x5B, 0x15, 0x36, 0x0D, 0xDC, 
    0x9B, 0x33, 0x7C, 0xDE, 0x29, 0xA8, 0x27, 0x40, 0xA2, 0xB9, 0xC8, 0xB2, 
    0x74, 0xC3, 0x70, 0x45, 0xA4, 0xF1, 0xAC, 0xB7, 0xDE, 0xF1, 0x44, 0x43, 
    0xB1, 0x02, 0x71, 0xD5, 0xD9, 0xAB, 0x97, 0xE3, 0xAD, 0x94, 0xC5, 0x78, 
    0x16, 0x81, 0xB7, 0x09, 0x32, 0xE3, 0xDF, 0xE8, 0x9C, 0xF1, 0x23, 0x12, 
    0x94, 0xAA, 0x06, 0xAC, 0x1A, 0xBA, 0x71, 0x60, 0xAB, 0x92, 0x5F, 0xE0, 
    0xB2, 0x5A, 0x24, 0x81, 0xA1, 0x64, 0xA3, 0x98, 0xD5, 0x04, 0xEF, 0xAB, 
    0x9E, 0xC7, 0x72, 0x4F, 0x52, 0xEF, 0xD6, 0x11, 0xE3, 0x23, 0x2F, 0xFD, 
    0x2D, 0x39, 0x48, 0x51, 0x2C, 0x9A, 0x7C, 0x05, 0x2C, 0x55, 0xD0, 0xA5, 
    0x32, 0x31, 0xD8, 0x72, 0x02, 0x07, 0x35, 0xC3, 0xA7, 0x34, 0xE6, 0x62, 
    0x0B, 0x9D, 0xFB, 0x28, 0x98, 0x8C, 0x36, 0x82, 0xFF, 0x56, 0xB2, 0x7A, 
    0xD7, 0xA6, 0x9F, 0x0B, 0xC8, 0x96, 0xDF, 0x84, 0x29, 0x7D, 0xED, 0x4D, 
    0x18, 0x6E, 0x9E, 0x1A, 0xA6, 0x2F, 0x54, 0xE0, 0xB3, 0x1F, 0xF7, 0xCB, 
    0xA6, 0x44, 0x9C, 0x0C, 0xDA, 0xFA, 0x22, 0x20, 0x7F, 0xF0, 0xE0, 0xA1, 
    0x21, 0xDC, 0xF3, 0xFB, 0x14, 0x99, 0x82, 0x03, 0x69, 0xA1, 0x6D, 0x34, 
    0x99, 0x11, 0x7D, 0x22, 0x77, 0x32, 0x6A, 0xB7, 0x48, 0xC0, 0xE7, 0xBB, 
    0x92, 0xF4, 0x1E, 0xAC, 0x80, 0x57, 0xEF, 0x85, 0xA2, 0x37, 0x2B, 0x23, 
    0x51, 0xCB, 0x12, 0x1E, 0xD7, 0x40, 0x8C, 0x8E, 0x00, 0x2E, 0x00, 0xF8, 
    0xA7, 0xA3, 0x77, 0x6E, 0x75, 0x83, 0xD9, 0x4D, 0x00, 0x45, 0xC7, 0x27, 
    0xB7, 0x59, 0x43, 0xF6, 0x2F, 0x6D, 0x63, 0x9A, 0x09, 0x24, 0xC6, 0xEE, 
    0xA1, 0xE0, 0x3B, 0x22, 0x0D, 0xE7, 0x00, 0x5A, 0x1C, 0xD6, 0x06, 0xC4, 
    0x4D, 0x1F, 0xF2, 0x05, 0xD2, 0x35, 0x48, 0x18, 0xBA, 0xB3, 0xFE, 0x12, 
    0x62, 0x9A, 0x76, 0x01, 0x88, 0x1D, 0xCE, 0xAD, 0x67, 0xC5, 0x8E, 0x68, 
    0x89, 0xAB, 0x82, 0x48, 0x5D, 0x81, 0xDB, 0xB6, 0x6C, 0xA5, 0x90, 0xA5, 
    0x6E, 0xEB, 0xB7, 0xD8, 0xD1, 0x2D, 0xB3, 0x2F, 0x49, 0xC4, 0xCD, 0x90, 
    0x30, 0x5E, 0xDB, 0xF7, 0x8C, 0x72, 0x69, 0xDE, 0xC5, 0x61, 0xF1, 0x89, 
    0x0E, 0x1A, 0x45, 0x6D, 0xE3, 0x48, 0xD7, 0x30, 0x2A, 0xA6, 0x5F, 0x64, 
    0x14, 0x5B, 0x1F, 0xD0, 0xA3, 0x54, 0xCA, 0x7B, 0x35, 0x91, 0x62, 0xA3, 
    0xEF, 0xBE, 0xFE, 0x43, 0xD5, 0xBB, 0x4C, 0xCD, 0x50, 0xCB, 0x34, 0xF1, 
    0xFE, 0x57, 0x84, 0x13, 0x40, 0x03, 0x21, 0x93, 0x01, 0xCA, 0xB5, 0x8B, 
    0xB6, 0x3E, 0x99, 0x12, 0x2F, 0x42, 0x55, 0x42, 0x0B, 0x44, 0xC4, 0x67, 
    0x5B, 0x17, 0x33, 0x4B, 0x39, 0x60, 0x2F, 0xC9, 0xE7, 0xD6, 0x0F, 0x3C, 
    0x66, 0xFA, 0xBD, 0x8A, 0xD3, 0x6E, 0xE7, 0xB4, 0x25, 0x5A, 0x5A, 0x08, 
    0x06, 0x86, 0x2E, 0x7F, 0x95, 0x1B, 0xC7, 0x0E, 0x93, 0xEA, 0x0D, 0xFD, 
    0x8D, 0xF5, 0x01, 0xE9, 0x7E, 0xDB, 0xE6, 0x11, 0x47, 0xA0, 0x98, 0x5E, 
    0xC1, 0xEA, 0x5E, 0xD3, 0x53, 0x58, 0x52, 0x69, 0x14, 0xC1, 0x40, 0x3B, 
    0x49, 0xAE, 0xA5, 0xCD, 0xE7, 0x56, 0xDC, 0xFE, 0x58, 0x7F, 0x75, 0x32, 
    0x42, 0x3A, 0x0C, 0x78, 0xC4, 0x6F, 0xCA, 0x47, 0xC1, 0x78, 0x2D, 0x3B, 
    0xE9, 0xAF, 0x65, 0x70, 0xE9, 0x65, 0x7C, 0x03, 0x27, 0x44, 0x24, 0x8B, 
    0x54, 0xAA, 0x80, 0x11, 0xE7, 0x59, 0xD6, 0xEF, 0x25, 0x47, 0x83, 0xB8, 
    0xC8, 0x3C, 0xCF, 0x91, 0xC4, 0x68, 0x7F, 0x6D, 0x39, 0xF9, 0x78, 0x67, 
    0x68, 0xC4, 0x58, 0x2E, 0x6E, 0x9B, 0x7A, 0xC5, 0xF3, 0xD5, 0xB4, 0x94, 
    0x01, 0x8E, 0xB0, 0x41, 0xE6, 0x67, 0x34, 0x61, 0x17, 0xCD, 0x34, 0x42, 
    0x94, 0xEB, 0x9E, 0xA2, 0x0A, 0x17, 0x61, 0x08, 0x3F, 0x81, 0xA0, 0x98, 
    0x9A, 0xBC, 0x56, 0x5A, 0xA8, 0x9A, 0x86, 0xFD, 0x7E, 0x63, 0x7C, 0x63, 
    0x0A, 0x89, 0x85, 0x9A, 0x02, 0xB7, 0xE9, 0x08, 0x5C, 0xF3, 0xEA, 0xC5, 
    0xF5, 0x23, 0x60, 0x79, 0xD3, 0x33, 0xF8, 0x7E, 0xF1, 0xBB, 0xCB, 0x6B, 
    0x02, 0x37, 0x18, 0x01, 0xD6, 0x91, 0x35, 0x7E, 0xB0, 0x94, 0xC5, 0x6A, 
    0x90, 0x34, 0x3B, 0x37, 0x00, 0x92, 0x53, 0x66, 0x27, 0x58, 0x91, 0xC0, 
    0x9B, 0x5C, 0x8F, 0xB4, 0xE2, 0x2D, 0xF7, 0xD0, 0xF4, 0x15, 0xCF, 0x3D, 
    0xEE, 0xE9, 0x9A, 0xB0, 0x59, 0x12, 0x1D, 0x87, 0xE3, 0xFB, 0xD5, 0x62, 
    0xE7, 0xDA, 0xAB, 0xE9, 0x8B, 0xBF, 0x81, 0xD1, 0x75, 0x06, 0xEA, 0x71, 
    0x41, 0x8F, 0x91, 0xCE, 0x1B, 0xA9, 0x66, 0x66, 0x96, 0x23, 0x12, 0xAB, 
    0x7B, 0xDF, 0x25, 0xA8, 0x2A, 0x06, 0xC7, 0x86, 0xCD, 0xD0, 0x44, 0x73, 
    0xFB, 0x12, 0x79, 0x5A, 0x7C, 0x66, 0x61, 0x00, 0x95, 0x16, 0x8F, 0x7F, 
    0xBB, 0x48, 0x8E, 0xAB, 0x82, 0xA3, 0x33, 0x2B, 0x4E, 0xA6, 0xFB, 0x04, 
    0x19, 0xFD, 0x37, 0xD6, 0x06, 0x80, 0x87, 0xD0, 0x0E, 0x4C, 0x16, 0xA9, 
    0x54, 0xE8, 0x09, 0xCA, 0x4F, 0x60, 0x52, 0x76, 0xE3, 0x3F, 0xA6, 0x61, 
    0xDD, 0xCE, 0x06, 0x55, 0xA1, 0x53, 0xC0, 0x12, 0xBC, 0xCD, 0x42, 0x86, 
    0x30, 0xB0, 0x61, 0xE7, 0x8C, 0x73, 0xBE, 0x61, 0xA9, 0x6B, 0x79, 0x88, 
    0xF8, 0xD4, 0x7F, 0x0F, 0xB9, 0xB7, 0xD2, 0x5C, 0x83, 0x67, 0x87, 0x68, 
    0x67, 0x14, 0x43, 0xCD, 0xAE, 0xC0, 0x15, 0xCD, 0x70, 0x02, 0x9E, 0xCE, 
    0x6F, 0x0B, 0x2E, 0xB6, 0x9B, 0x29, 0xC9, 0x64, 0x36, 0x6E, 0x69, 0xE5, 
    0x20, 0x6E, 0xD2, 0xD1, 0x9A, 0xB3, 0x88, 0xCF, 0x7F, 0xD1, 0xF3, 0xBB, 
    0x29, 0x59, 0x8B, 0x73, 0xCF, 0xAF, 0xF7, 0x62, 0xB9, 0x9F, 0x7D, 0x8B, 
    0x89, 0x6D, 0x0F, 0x0C, 0x36, 0x06, 0x39, 0x5A, 0xD0, 0x6D, 0x27, 0x39, 
    0x33, 0xE4, 0x7C, 0x68, 0x65, 0x58, 0x6D, 0xED, 0x96, 0xB8, 0x23, 0xAA, 
    0x35, 0x00, 0x6A, 0x6F, 0xC9, 0x3A, 0x52, 0x47, 0xA7, 0x05, 0xB6, 0x17, 
    0x1B, 0xED, 0x27, 0xED, 0xBE, 0x89, 0x73, 0x4C, 0x04, 0xC1, 0x73, 0x3A, 
    0x1E, 0xC0, 0x9C, 0x0B, 0xE7, 0x25, 0x91, 0x3F, 0x84, 0x2A, 0xFA, 0x5E, 
    0xF3, 0xF7, 0xE4, 0x44, 0xBA, 0x2B, 0xFA, 0xA7, 0x1F, 0x9A, 0x29, 0x01, 
    0x64, 0x55, 0x12, 0x28, 0xF7, 0xA8, 0xD5, 0x30, 0x5F, 0x5E, 0x66, 0xAE, 
    0x7E, 0x0C, 0x73, 0xA2, 0xAD, 0xD5, 0xB2, 0x44, 0xEF, 0x8B, 0x42, 0xD0, 
    0xB1, 0x6B, 0xF5, 0xD9, 0xF1, 0xD2, 0x98, 0x85, 0x6F, 0x1A, 0x17, 0x5A, 
    0xC7, 0x3E, 0x15, 0x37, 0x6F, 0xE9, 0xEA, 0x35, 0xC8, 0x96, 0xB0, 0xAF, 
    0x05, 0xEC, 0x7A, 0xB8, 0x20, 0x98, 0x1C, 0x7B, 0xAF, 0xD9, 0x66, 0x0D, 
    0xDF, 0x45, 0x19, 0x49, 0x94, 0x2F, 0x44, 0x2E, 0xBB, 0x78, 0x8E, 0x27, 
    0x8E, 0xD2, 0xDD, 0x0C, 0x07, 0xF1, 0xAA, 0x18, 0x79, 0xD5, 0x1E, 0x0B, 
    0x1C, 0x2C, 0xB4, 0xB4, 0x49, 0xD3, 0xD2, 0x56, 0x65, 0xA3, 0x0A, 0x4C, 
    0xF5, 0xF1, 0x27, 0x73, 0xAE, 0x29, 0x84, 0x24, 0xF7, 0x96, 0xE5, 0xD4, 
    0x4C, 0x65, 0x4F, 0x81, 0x30, 0xCC, 0xB1, 0xE9, 0x91, 0x0F, 0x3A, 0xBB, 
    0xA2, 0xF3, 0x58, 0x40, 0x9C, 0x86, 0xBD, 0x73, 0xA7, 0x29, 0x72, 0x56, 
    0x73, 0xDB, 0xE4, 0x2A, 0xBE, 0xB0, 0x1A, 0x57, 0xE8, 0x56, 0xA7, 0xA1, 
    0x13, 0x6E, 0xDC, 0x23, 0x16, 0xB1, 0x76, 0x68, 0x48, 0x9B, 0x4E, 0x93, 
    0x54, 0x43, 0xD4, 0x11, 0xED, 0xCD, 0x2B, 0xF4, 0x07, 0x62, 0xF0, 0x0C, 
    0xEF, 0xC7, 0x9B, 0x08, 0x77, 0x83, 0x56, 0xF0, 0x87, 0xAC, 0x83, 0x71, 
    0x98, 0xAA, 0x40, 0xD2, 0x1E, 0x79, 0xB8, 0x64, 0xE7, 0xD4, 0xF2, 0x5A, 
    0xB9, 0x92, 0xDA, 0x3F, 0x47, 0x2E, 0x4E, 0x96, 0xE0, 0x74, 0xCD, 0x57, 
    0x84, 0x94, 0xE1, 0x01, 0xFF, 0x35, 0x67, 0x46, 0x9D, 0x8E, 0xA4, 0xC7, 
    0x0C, 0x72, 0x22, 0x55, 0xF9, 0xD0, 0x81, 0xBD, 0x1F, 0x1F, 0x9D, 0x59, 
    0x84, 0x56, 0x26, 0xEE, 0xF3, 0x21, 0xFF, 0x3C, 0x72, 0x4D, 0x45, 0x41, 
    0xCF, 0xB2, 0x35, 0x69, 0x91, 0x12, 0x79, 0x57, 0xEB, 0x5E, 0x95, 0x6D, 
    0x1D, 0x41, 0xB7, 0xDF, 0xB1, 0x3F, 0xA4, 0xC9, 0xD5, 0xB1, 0xB3, 0x34, 
    0x9F, 0xF9, 0x58, 0x16, 0xE5, 0x8F, 0x26, 0xA1, 0xDF, 0x40, 0x96, 0xB1, 
    0xB0, 0x32, 0xFD, 0xC4, 0xE8, 0x73, 0x0A, 0x37, 0x8A, 0xC5, 0xE7, 0x4C, 
    0x37, 0xE5, 0xCC, 0x98, 0xEF, 0x24, 0x81, 0x66, 0x63, 0xE5, 0x9C, 0x8F, 
    0xD6, 0x61, 0xCA, 0xF6, 0x96, 0x1F, 0x33, 0x05, 0x8D, 0xEF, 0xC5, 0x7D, 
    0xD8, 0x94, 0xEE, 0x57, 0x17, 0x16, 0x19, 0x3B, 0x88, 0x2F, 0x78, 0xB0, 
    0x86, 0xBC, 0xC1, 0x12, 0x45, 0x24, 0xA0, 0x75, 0xAF, 0xD5, 0x58, 0xD6, 
    0xCB, 0x22, 0x4E, 0xA4, 0x01, 0x70, 0x7B, 0xB0, 0x95, 0x52, 0x55, 0xB1, 
    0x37, 0xC6, 0x8A, 0x04, 0x5A, 0x4B, 0x64, 0x2E, 0x38, 0x95, 0x18, 0xE4, 
    0xC4, 0x34, 0x75, 0x09, 0xA0, 0x5A, 0xCF, 0x2D, 0x45, 0x25, 0x1E, 0xA2, 
    0x1A, 0x74, 0x87, 0xED, 0x5D, 0xB1, 0x46, 0x9E, 0xA1, 0x86, 0x47, 0xBB, 
    0x2D, 0x41, 0xD0, 0x7F, 0x03, 0x9D, 0xFC, 0xE9, 0xC4, 0x69, 0x19, 0x88, 
    0x5D, 0xD9, 0x61, 0xDC, 0xF1, 0xF6, 0x37, 0x7E, 0x82, 0xB8, 0x45, 0x2B, 
    0xCB, 0x67, 0xCB, 0x35, 0x7F, 0xDD, 0x4E, 0xDD, 0xBD, 0xD3, 0xE2, 0x01, 
    0x37, 0xC1, 0x24, 0x7C, 0xA4, 0xA0, 0x5A, 0x60, 0x9F, 0x53, 0x55, 0x29, 
    0xE6, 0xC5, 0x7B, 0xEF, 0x63, 0x04, 0x8E, 0x0F, 0x42, 0x07, 0x40, 0x27, 
    0x19, 0xA1, 0x8A, 0x1F, 0xC9, 0xB9, 0xDB, 0xB2, 0x02, 0x48, 0xA1, 0x6D, 
    0xE6, 0x9A, 0x83, 0x10, 0xC8, 0x88, 0x32, 0x0C, 0x8F, 0xE5, 0xD6, 0x09, 
    0xFC, 0x17, 0x96, 0x98, 0x86, 0xE4, 0x49, 0xD8, 0x2E, 0x0A, 0x16, 0x28, 
    0xB1, 0x23, 0xE8, 0xD2, 0x5F, 0xE4, 0x0F, 0xBD, 0xCE, 0x78, 0x07, 0xFA, 
    0x9D, 0x14, 0xF4, 0x8C, 0xE0, 0x6F, 0x31, 0x30, 0xC9, 0x3B, 0x42, 0xB2, 
    0x8B, 0x3B, 0x97, 0x12, 0x05, 0x70, 0xE5, 0xEE, 0x94, 0x20, 0x25, 0xBD, 
    0x15, 0x12, 0x7C, 0xC1, 0x16, 0xA0, 0x44, 0x3F, 0xCA, 0x22, 0xD4, 0x1D, 
    0xF7, 0x4F, 0x49, 0x14, 0xF9, 0xAB, 0x48, 0xD6, 0xE0, 0xFE, 0xE5, 0xDB, 
    0xA5, 0x25, 0x5D, 0x13, 0xB7, 0xD1, 0x1C, 0x71, 0x32, 0xEB, 0xDC, 0x29, 
    0x84, 0x2B, 0xDC, 0x12, 0x12, 0x23, 0xB0, 0x70, 0x16, 0x3C, 0x37, 0x62, 
    0x84, 0x9D, 0xC0, 0xB0, 0x91, 0x57, 0xA9, 0xF1, 0x3C, 0x00, 0xEC, 0xF2, 
    0xB2, 0x57, 0x62, 0x7A, 0x92, 0xEA, 0x5A, 0x2E, 0xB2, 0xCD, 0xB2, 0xB9, 
    0x5C, 0xDA, 0x2E, 0x89, 0xEF, 0x21, 0xDB, 0x91, 0x18, 0x10, 0x6A, 0x1A, 
    0x4C, 0xAE, 0x5C, 0x8C, 0x1A, 0x8E, 0xF7, 0x36, 0xE4, 0x39, 0xEC, 0x41, 
    0xAC, 0x9F, 0x92, 0xF2, 0xCE, 0x50, 0x72, 0xEE, 0xB7, 0x0C, 0x5F, 0xEE, 
    0xE4, 0xC3, 0x7F, 0x34, 0x36, 0xD0, 0x2C, 0x9F, 0x98, 0x0F, 0x1A, 0x24, 
    0xDD, 0x29, 0x7E, 0x24, 0xBC, 0x6A, 0xC6, 0xBC, 0xC8, 0x13, 0x4D, 0x6F, 
    0x55, 0x12, 0x62, 0x44, 0xAF, 0x02, 0x29, 0x67, 0xD3, 0x39, 0xB5, 0x99, 
    0xB3, 0xB4, 0xA0, 0xAB, 0xF5, 0xB5, 0x54, 0xFA, 0x0F, 0xE8, 0x04, 0x31, 
    0x94, 0x22, 0xF1, 0xE1, 0x73, 0x32, 0x27, 0x9A, 0x5C, 0x32, 0xE9, 0xD7, 
    0x7B, 0x21, 0x54, 0xEC, 0x09, 0x29, 0x0C, 0xE1, 0x5A, 0x13, 0x47, 0xAE, 
    0x4B, 0x3A, 0xEF, 0xF0, 0xAD, 0xAA, 0xA1, 0x3F, 0xE9, 0xDE, 0x65, 0x04, 
    0xEF, 0x32, 0x90, 0xE0, 0x1B, 0x10, 0xAC, 0xFA, 0x63, 0xEC, 0xE5, 0xE4, 
    0xA5, 0x02, 0xA4, 0xB1, 0x27, 0xEE, 0x10, 0xFA, 0x26, 0xE1, 0x14, 0x04, 
    0x13, 0x42, 0xAB, 0x09, 0x2C, 0x4C, 0xC3, 0x61, 0x06, 0xFA, 0xEF, 0xAD, 
    0xDA, 0x34, 0xD0, 0x6A, 0x0D, 0x6D, 0x90, 0x5F, 0x3E, 0x02, 0x32, 0x58, 
    0xB3, 0xCE, 0x8B, 0xAD, 0x3F, 0x6C, 0xFE, 0xDF, 0xE0, 0x6B, 0x14, 0xEB, 
    0x7B, 0xBA, 0x67, 0xF3, 0x4B, 0x24, 0xE7, 0xD7, 0x5B, 0x57, 0x7F, 0xB2, 
    0x9C, 0x4F, 0x66, 0x25, 0xC0, 0xF4, 0x70, 0x27, 0x2D, 0x26, 0xC4, 0x94, 
    0x3F, 0x0F, 0x85, 0xED, 0xD2, 0x4A, 0x05, 0x5A, 0xE6, 0x6C, 0xBA, 0x74, 
    0x92, 0x50, 0x54, 0xAF, 0x2A, 0x60, 0x7F, 0x77, 0x62, 0xCB, 0xBC, 0xC5, 
    0x59, 0xD1, 0x2A, 0xE5, 0xC5, 0xFA, 0x57, 0x35, 0x2F, 0xFA, 0x44, 0xA0, 
    0xD3, 0x11, 0x38, 0xDA, 0xCF, 0xE2, 0x7D, 0x58, 0x15, 0xC0, 0xF6, 0xEA, 
    0xDA, 0x36, 0x22, 0x85, 0x5B, 0xF3, 0x8E, 0x84, 0xAF, 0x59, 0xFE, 0x0A, 
    0x25, 0xD4, 0x3D, 0x64, 0xC5, 0xD0, 0x34, 0x88, 0x3B, 0x2F, 0xE5, 0x4C, 
    0xE6, 0xDB, 0x6B, 0xF1, 0x4F, 0x6C, 0x1E, 0x58, 0xDB, 0x4F, 0xBA, 0x03, 
    0x5F, 0x1D, 0x06, 0x63, 0x83, 0x7F, 0xCF, 0xB8, 0x5D, 0x1E, 0xB5, 0x3B, 
    0xD4, 0xCD, 0xC5, 0x34, 0x18, 0xD1, 0x3A, 0x95, 0x39, 0x82, 0xA3, 0x61, 
    0x57, 0x11, 0x04, 0x7F, 0x11, 0x5C, 0x28, 0xDB, 0x0F, 0x11, 0x32, 0x8A, 
    0x04, 0x4D, 0x5A, 0x75, 0xC4, 0x1E, 0xCE, 0x89, 0x3D, 0xC2, 0x03, 0x53, 
    0xEC, 0x30, 0xB4, 0x04, 0x2B, 0xCA, 0x14, 0x91, 0xA7, 0x0B, 0xB1, 0xDE, 
    0xF5, 0x94, 0xD6, 0x2C, 0xA7, 0xF2, 0xFD, 0xD7, 0x21, 0xB1, 0x65, 0xCD, 
    0xD6, 0x65, 0x5F, 0x4D, 0x13, 0x4A, 0x6D, 0x08, 0xF0, 0xF9, 0x13, 0xE8, 
    0x88, 0xD0, 0xCE, 0x0D, 0xE9, 0x53, 0x3B, 0x6A, 0x1A, 0x31, 0xDA, 0x24, 
    0x6B, 0xE2, 0xD3, 0xAA, 0xCB, 0xF3, 0x4D, 0xFF, 0x19, 0x3D, 0xD4, 0xF9, 
    0xD8, 0xFE, 0xE5, 0xE3, 0x75, 0xCB, 0x0F, 0xD0, 0xB8, 0x42, 0x0E, 0x7B, 
    0x9C, 0xC9, 0xCB, 0x6E, 0xB1, 0x7E, 0x0A, 0xAA, 0x5E, 0x38, 0x4B, 0xF9, 
    0x2E, 0xE2, 0xD3, 0xFF, 0xC9, 0xCB, 0x2B, 0x97, 0x4B, 0x6B, 0xD7, 0xB5, 
    0xC2, 0xED, 0xE9, 0x24, 0xDC, 0x39, 0x5C, 0xB7, 0xDB, 0x02, 0x8C, 0x9F, 
    0xF3, 0x17, 0xCB, 0x44, 0xD4, 0x1F, 0x64, 0xAF, 0xB3, 0xA8, 0xD0, 0x5E, 
    0xEF, 0xEB, 0x09, 0x14, 0xFA, 0xEA, 0x7D, 0x29, 0x68, 0xBF, 0x86, 0x7C, 
    0xC3, 0xDE, 0xCA, 0xC3, 0xE7, 0xFF, 0xA1, 0xFE, 0x41, 0xC3, 0xEB, 0xD3, 
    0xE0, 0x25, 0x81, 0xC8, 0x94, 0x3F, 0x74, 0x49, 0x69, 0xAC, 0x03, 0xA6, 
    0xFC, 0x44, 0xB6, 0x7D, 0x01, 0xCD, 0x63, 0xDE, 0xEB, 0xAB, 0x69, 0x56, 
    0xE8, 0xF9, 0xEF, 0x27, 0xF1, 0x3A, 0x0B, 0xF3, 0x92, 0x06, 0x58, 0xB0, 
    0x68, 0x7E, 0xF7, 0xCB, 0x9D, 0x71, 0x28, 0x2D, 0x35, 0xB2, 0xBC, 0xD6, 
    0x27, 0x93, 0x39, 0x4C, 0xB7, 0x7D, 0xDA, 0x39, 0xD6, 0xEA, 0x46, 0x8B, 
    0x0B, 0x12, 0xBA, 0x91, 0xDA, 0x39, 0x58, 0xB8, 0x1B, 0xDD, 0x11, 0x3A, 
    0x1A, 0x1A, 0x5B, 0xC5, 0xE5, 0x40, 0x41, 0x2E, 0x85, 0xFA, 0x3A, 0xAC, 
    0xCC, 0xE5, 0x2C, 0xEA, 0xBF, 0x74, 0x8E, 0x7A, 0xB8, 0x11, 0xE6, 0xF9, 
    0x37, 0x0D, 0x6D, 0x76, 0xE1, 0x41, 0xD1, 0x61, 0x3F, 0x05, 0x32, 0xE3, 
    0x68, 0x99, 0xAD, 0x64, 0x64, 0xFF, 0x9D, 0xF1, 0x0B, 0xF1, 0x9F, 0x47, 
    0xAF, 0x3A, 0xFA, 0xEC, 0x3F, 0x51, 0x3F, 0x4C, 0xFE, 0xC3, 0x5F, 0x92, 
    0xA5, 0xA5, 0x2E, 0x22, 0xEB, 0x46, 0x9E, 0x6B, 0x2D, 0xDC, 0x25, 0xB9, 
    0x60, 0xCE, 0xCB, 0xF8, 0x5E, 0xE4, 0xBD, 0x96, 0xA0, 0x12, 0x1C, 0x0F, 
    0x64, 0xBC, 0xA7, 0xDD, 0x70, 0x5F, 0xC0, 0x8D, 0x53, 0x0E, 0x33, 0x2F, 
    0xF7, 0xFB, 0xD5, 0xC9, 0x88, 0x3F, 0x5A, 0xCC, 0x49, 0x5E, 0xA9, 0xE7, 
    0x2E, 0xB0, 0xAC, 0xBE, 0x51, 0xB2, 0xA0, 0xD8, 0xD5, 0x25, 0x1E, 0xC1, 
    0x0F, 0x26, 0xAB, 0x87, 0xA8, 0x6E, 0x18, 0x0A, 0xB5, 0xFA, 0xA8, 0x0A, 
    0xA2, 0x0E, 0x49, 0x40, 0xEA, 0xF2, 0x34, 0x82, 0x7D, 0xB7, 0x04, 0x1B, 
    0xE6, 0x68, 0xFC, 0x6B, 0x18, 0xE8, 0x29, 0x9F, 0x05, 0x77, 0xD8, 0xD2, 
    0x80, 0x45, 0xBE, 0x7E, 0xE0, 0x27, 0x9E, 0x33, 0xCC, 0x93, 0x26, 0x4D, 
    0x1E, 0xB9, 0xC0, 0xFF, 0xC4, 0x24, 0x38, 0xE8, 0xF8, 0x2B, 0xCC, 0x66, 
    0xEC, 0xF9, 0x31, 0x54, 0x2D, 0x74, 0x9D, 0xC9, 0x5C, 0x67, 0xF9, 0xAB, 
    0xF1, 0xF9, 0xA6, 0xB6, 0x9F, 0xFD, 0x47, 0xB3, 0xCF, 0xE8, 0x64, 0x49, 
    0x3C, 0x57, 0x14, 0xA3, 0x41, 0x34, 0x39, 0x7A, 0xF0, 0xAF, 0x77, 0x87, 
    0xDE, 0x3E, 0x30, 0x13, 0x46, 0xF6, 0x36, 0x82, 0x03, 0xFD, 0x56, 0xD9, 
    0xC7, 0x7A, 0x1C, 0x32, 0xA5, 0xBD, 0x16, 0x64, 0x80, 0x0F, 0x92, 0x5D, 
    0x88, 0xE3, 0xBF, 0x92, 0xEA, 0xFC, 0xA8, 0x48, 0xD2, 0x6E, 0x31, 0xBC, 
    0x2F, 0xED, 0x70, 0xE6, 0x4D, 0xE5, 0x59, 0xCF, 0xB5, 0x9C, 0x86, 0x01, 
    0xC7, 0x24, 0x77, 0x99, 0xF7, 0x4A, 0xF5, 0x0F, 0xFB, 0x60, 0x01, 0xB7, 
    0xDC, 0x83, 0x68, 0x5C, 0xCC, 0x0B, 0x76, 0x4E, 0x7B, 0xE4, 0x56, 0x1D, 
    0x56, 0x0E, 0xAF, 0x76, 0x1F, 0x8E, 0xBE, 0x89, 0x9B, 0x9C, 0x16, 0x52, 
    0x59, 0x75, 0x53, 0x48, 0xBC, 0xAC, 0xA0, 0x86, 0x0A, 0xC6, 0xF4, 0xFC, 
    0x5B, 0x79, 0x5D, 0x73, 0x26, 0x21, 0x9E, 0xDD, 0x77, 0xD1, 0x0E, 0x4B, 
    0x93, 0xB1, 0xBC, 0x9C, 0xE6, 0x0B, 0x7D, 0xD1, 0x80, 0xC4, 0xD6, 0x2A, 
    0x7F, 0x9C, 0x70, 0x19, 0xC1, 0xCE, 0xEE, 0x64, 0x5A, 0x42, 0x28, 0xDB, 
    0x2A, 0xA4, 0x95, 0x18, 0x6E, 0x97, 0x17, 0x30, 0x9F, 0xD2, 0xE5, 0x2C, 
    0xC6, 0x62, 0x54, 0xF8, 0x2A, 0x4F, 0x3F, 0x84, 0x55, 0x87, 0x17, 0xBC, 
    0x3A, 0x0C, 0x75, 0x8E, 0x01, 0xAD, 0x1E, 0x78, 0xDE, 0x83, 0xFE, 0x3B, 
    0x04, 0xA8, 0x21, 0xC0, 0x48, 0x2B, 0xB2, 0x96, 0x58, 0xAB, 0x26, 0x37, 
    0x5C, 0xEF, 0x12, 0x79, 0xBB, 0x06, 0x5E, 0x28, 0xDF, 0x9A, 0xC1, 0x8F, 
    0x57, 0x5F, 0x5C, 0x51, 0x69, 0x3E, 0xD7, 0xED, 0x99, 0xB0, 0xE8, 0x3C, 
    0xC8, 0xFA, 0x8B, 0xB4, 0xB0, 0xF7, 0x56, 0xFC, 0x9C, 0xCC, 0xED, 0x5D, 
    0xFF, 0x88, 0xB6, 0xB5, 0x70, 0x98, 0xEC, 0xED, 0xE5, 0xE9, 0xBA, 0xD3, 
    0xE0, 0x62, 0x8E, 0xAF, 0xA7, 0xC2, 0x03, 0x4A, 0x4D, 0x11, 0x02, 0x72, 
    0xBC, 0xCF, 0xC0, 0xCC, 0x87, 0xA7, 0x79, 0x12, 0x33, 0x3C, 0xB4, 0xF8, 
    0xED, 0x7E, 0xAF, 0x9D, 0xFB, 0x36, 0x4E, 0xCA, 0x6D, 0x47, 0x83, 0x71, 
    0xC3, 0xDE, 0xA3, 0x15, 0xDE, 0x21, 0x99, 0xB3, 0x81, 0xA3, 0x34, 0x1F, 
    0x35, 0xE7, 0x23, 0x34, 0xB4, 0x28, 0x1B, 0x63, 0xD4, 0x52, 0x8D, 0x4B, 
    0xD8, 0xE2, 0x6B, 0xE7, 0xC5, 0x83, 0x16, 0xF1, 0xEE, 0xF6, 0xB3, 0xAB, 
    0xDB, 0x2E, 0x3A, 0x4E, 0x9F, 0x88, 0x4A, 0x7A, 0xCA, 0x87, 0x7F, 0x66, 
    0x1D, 0x14, 0x4E, 0x83, 0x38, 0x71, 0x68, 0x77, 0x89, 0x7F, 0x43, 0x19, 
    0x6F, 0x39, 0x3C, 0xCB, 0x1E, 0xFF, 0xA7, 0xB5, 0x4E, 0x41, 0x48, 0x02, 
    0xAB, 0x53, 0xD5, 0x3C, 0xC9, 0x17, 0xCB, 0x1B, 0xFB, 0xDA, 0x21, 0x02, 
    0x4E, 0x34, 0xF0, 0x95, 0xAB, 0x01, 0xED, 0x23, 0x30, 0xE6, 0xA2, 0x75, 
    0xC5, 0x14, 0x91, 0x95, 0xA3, 0x7B, 0x41, 0x3E, 0x16, 0x9C, 0xB8, 0x28, 
    0x07, 0x13, 0x78, 0x77, 0xA3, 0x74, 0xFF, 0x11, 0xAE, 0x02, 0xDF, 0xB0, 
    0x94, 0x4A, 0x30, 0x8F, 0x80, 0x5E, 0x9F, 0x63, 0x7C, 0xDD, 0x4F, 0x42, 
    0x8E, 0x6E, 0x90, 0xFB, 0xEC, 0xCF, 0x04, 0x2E, 0xE5, 0x84, 0xE0, 0xDB, 
    0x91, 0x6D, 0x82, 0xD0, 0x4A, 0x1E, 0x52
};

/* The NIST CAVP ML-DSA sign test #61 sk vector */
static const uint8_t cavp_mldsa_87_sign_id61_sk[4896] = {
    0xCE, 0x31, 0x63, 0xCA, 0x78, 0xFC, 0x98, 0x81, 0xE7, 0xE6, 0xA0, 0x23, 
    0x6E, 0x5C, 0xF4, 0x05, 0x0A, 0xBF, 0x43, 0x1A, 0xB5, 0x6F, 0x15, 0x81, 
    0x92, 0x74, 0x12, 0x1E, 0xA0, 0x94, 0x48, 0xA3, 0xB8, 0xBF, 0x58, 0xEF, 
    0xED, 0xF3, 0xFD, 0x22, 0xE3, 0x7B, 0xEF, 0x0E, 0xBA, 0x8E, 0xE5, 0xFA, 
    0x9E, 0x85, 0xDF, 0x86, 0x9F, 0x9E, 0xD4, 0xCB, 0x44, 0x52, 0x5A, 0x58, 
    0xD2, 0x08, 0x7C, 0x69, 0x23, 0xF0, 0x44, 0x1A, 0x53, 0x87, 0xEA, 0x05, 
    0x13, 0x98, 0xD0, 0xC4, 0xC3, 0xAB, 0xB6, 0x82, 0xB7, 0x3F, 0x49, 0xD0, 
    0x28, 0x09, 0x14, 0x7C, 0x58, 0x0A, 0xA1, 0x8F, 0x02, 0x11, 0x1F, 0x40, 
    0x1E, 0xBA, 0xB0, 0xF7, 0x09, 0x0B, 0xC6, 0xBC, 0x6B, 0xE5, 0xF4, 0xE0, 
    0x58, 0x0E, 0xA5, 0xF0, 0x1B, 0xAD, 0x15, 0x9F, 0xA8, 0xAB, 0x04, 0xBA, 
    0x73, 0xE5, 0xCD, 0x45, 0x71, 0x18, 0xE1, 0x67, 0xE4, 0xA2, 0x6C, 0x21, 
    0x29, 0x11, 0x92, 0x28, 0x71, 0x9B, 0x30, 0x11, 0x24, 0x27, 0x84, 0x04, 
    0x32, 0x08, 0xDC, 0xB2, 0x50, 0x82, 0x00, 0x02, 0x1A, 0xB9, 0x48, 0x5C, 
    0x18, 0x81, 0x82, 0x86, 0x21, 0xDB, 0x20, 0x24, 0x48, 0x10, 0x85, 0x58, 
    0x06, 0x80, 0x21, 0x00, 0x26, 0x20, 0x33, 0x00, 0x42, 0xC0, 0x2C, 0x8B, 
    0x28, 0x81, 0x23, 0x00, 0x20, 0xA3, 0xB2, 0x4D, 0x58, 0x44, 0x52, 0xD0, 
    0x40, 0x82, 0x4C, 0x02, 0x84, 0xCA, 0xA8, 0x89, 0x42, 0x26, 0x11, 0x0C, 
    0x31, 0x32, 0x23, 0xB7, 0x24, 0x9C, 0x38, 0x86, 0xD3, 0x18, 0x65, 0x90, 
    0xC4, 0x0C, 0x61, 0xC8, 0x6C, 0x63, 0xA4, 0x8D, 0x21, 0x40, 0x70, 0xE4, 
    0x24, 0x8C, 0x10, 0xC5, 0x0C, 0x14, 0x26, 0x11, 0xDA, 0x90, 0x91, 0x24, 
    0xA5, 0x29, 0x14, 0x20, 0x91, 0x9B, 0x28, 0x92, 0x4C, 0x40, 0x6A, 0x03, 
    0x32, 0x42, 0x11, 0xB5, 0x10, 0x01, 0x87, 0x10, 0x8A, 0x34, 0x86, 0x8A, 
    0xB8, 0x29, 0xC2, 0x02, 0x02, 0xD9, 0xC6, 0x31, 0x89, 0x04, 0x89, 0x63, 
    0x22, 0x06, 0xE3, 0x48, 0x88, 0xC1, 0x10, 0x6A, 0xCA, 0x16, 0x64, 0x14, 
    0x36, 0x41, 0x08, 0x28, 0x41, 0x42, 0x96, 0x6C, 0x24, 0x88, 0x48, 0x19, 
    0xC2, 0x40, 0x14, 0x44, 0x28, 0xE3, 0xB2, 0x49, 0x9B, 0xA2, 0x21, 0xE3, 
    0x36, 0x49, 0x08, 0x91, 0x8C, 0x61, 0x88, 0x31, 0x83, 0x96, 0x0D, 0xCB, 
    0x82, 0x69, 0xE3, 0x22, 0x02, 0xD0, 0x08, 0x0E, 0xDC, 0x40, 0x4C, 0x58, 
    0xB2, 0x51, 0x21, 0x27, 0x69, 0x5A, 0x34, 0x82, 0xA4, 0x44, 0x60, 0x14, 
    0x10, 0x84, 0x93, 0x92, 0x30, 0xD2, 0x90, 0x6D, 0x48, 0x00, 0x2C, 0x12, 
    0xB0, 0x85, 0x90, 0xB2, 0x25, 0x0A, 0x82, 0x31, 0x1A, 0x13, 0x10, 0x20, 
    0x10, 0x11, 0x0C, 0xB1, 0x80, 0x51, 0x32, 0x62, 0x88, 0x30, 0x6A, 0xD9, 
    0xC8, 0x40, 0xA1, 0x42, 0x26, 0xD0, 0x04, 0x05, 0x10, 0xB1, 0x21, 0x0C, 
    0x08, 0x2A, 0xCC, 0x02, 0x81, 0x14, 0xC5, 0x0D, 0x61, 0x48, 0x6A, 0xDC, 
    0x04, 0x09, 0x49, 0x06, 0x90, 0x8A, 0xB2, 0x25, 0x53, 0x84, 0x84, 0x19, 
    0x31, 0x2A, 0x5B, 0x80, 0x2C, 0x0B, 0x22, 0x6A, 0x62, 0xA2, 0x0C, 0x11, 
    0xB0, 0x68, 0xCB, 0xC6, 0x51, 0x19, 0x34, 0x45, 0x90, 0x26, 0x48, 0x10, 
    0x42, 0x66, 0x89, 0x04, 0x21, 0x14, 0x42, 0x02, 0x92, 0x16, 0x2C, 0xD0, 
    0x02, 0x8C, 0x21, 0x08, 0x04, 0x93, 0x20, 0x31, 0x13, 0x40, 0x05, 0xDC, 
    0x28, 0x64, 0x53, 0x20, 0x24, 0xCC, 0x44, 0x71, 0x11, 0x18, 0x24, 0xCC, 
    0x96, 0x80, 0xC8, 0x14, 0x06, 0x49, 0x34, 0x91, 0x23, 0x24, 0x6C, 0x12, 
    0x42, 0x6D, 0xDA, 0x14, 0x68, 0x08, 0x84, 0x41, 0xDA, 0x32, 0x42, 0x04, 
    0x87, 0x00, 0x19, 0x09, 0x65, 0x8B, 0x96, 0x08, 0x64, 0x84, 0x8C, 0x41, 
    0x10, 0x4A, 0x0B, 0x93, 0x8C, 0xA4, 0x38, 0x61, 0x90, 0x22, 0x06, 0x00, 
    0x08, 0x21, 0x81, 0xC0, 0x05, 0x5A, 0x22, 0x6E, 0x08, 0x31, 0x82, 0x98, 
    0xA0, 0x6D, 0xE0, 0x20, 0x01, 0x40, 0x94, 0x04, 0x09, 0xA2, 0x30, 0x48, 
    0x14, 0x00, 0xDB, 0x94, 0x49, 0x20, 0xC8, 0x85, 0x62, 0x16, 0x49, 0xD2, 
    0x84, 0x65, 0x01, 0x14, 0x00, 0xC4, 0xB8, 0x81, 0x11, 0x44, 0x06, 0x13, 
    0x35, 0x51, 0x1B, 0xB0, 0x25, 0x8B, 0xB2, 0x68, 0x08, 0x02, 0x51, 0x89, 
    0x82, 0x48, 0x48, 0x04, 0x65, 0xDB, 0x44, 0x2E, 0x02, 0x16, 0x2D, 0x02, 
    0x12, 0x05, 0xCC, 0x10, 0x10, 0x00, 0x35, 0x32, 0x01, 0x15, 0x50, 0x8C, 
    0x92, 0x69, 0x88, 0x42, 0x44, 0x09, 0xC1, 0x68, 0xA0, 0x24, 0x86, 0x08, 
    0xB3, 0x71, 0x84, 0x34, 0x2E, 0x51, 0xA2, 0x31, 0x1B, 0x46, 0x24, 0x22, 
    0xC7, 0x8C, 0x52, 0x80, 0x81, 0x93, 0xB0, 0x2D, 0x9C, 0x04, 0x48, 0x81, 
    0x80, 0x00, 0xA1, 0x26, 0x21, 0x91, 0xB2, 0x6D, 0xDB, 0x22, 0x2C, 0x22, 
    0x18, 0x46, 0xC8, 0x12, 0x49, 0x1B, 0x05, 0x62, 0x61, 0xA4, 0x69, 0x48, 
    0x32, 0x82, 0xCA, 0x30, 0x70, 0x1B, 0xA1, 0x05, 0xE3, 0x96, 0x0C, 0xA2, 
    0x40, 0x8A, 0xA2, 0x82, 0x10, 0x1C, 0x12, 0x71, 0xE2, 0x82, 0x51, 0x03, 
    0xB2, 0x29, 0x20, 0x48, 0x91, 0xD1, 0xC4, 0x31, 0xD9, 0xB0, 0x81, 0x11, 
    0xA3, 0x2C, 0x11, 0x12, 0x81, 0xCA, 0x80, 0x31, 0xE1, 0x34, 0x2E, 0x48, 
    0x46, 0x29, 0xC4, 0xB2, 0x21, 0x00, 0x27, 0x40, 0xD8, 0x44, 0x08, 0x5A, 
    0x30, 0x4C, 0x0C, 0x82, 0x51, 0xA2, 0xA4, 0x90, 0x19, 0x14, 0x6D, 0x40, 
    0x22, 0x6C, 0x88, 0x20, 0x29, 0xC4, 0x16, 0x4D, 0x4B, 0x84, 0x40, 0x44, 
    0xA0, 0x70, 0x04, 0x80, 0x10, 0x1C, 0x95, 0x88, 0x19, 0x21, 0x6A, 0x10, 
    0xB9, 0x88, 0x9A, 0xA4, 0x85, 0x10, 0x48, 0x2D, 0x83, 0xC8, 0x50, 0xD4, 
    0x14, 0x81, 0x08, 0x35, 0x4E, 0x8B, 0x46, 0x51, 0x1A, 0x27, 0x06, 0x14, 
    0x34, 0x88, 0xD1, 0x34, 0x25, 0x00, 0x97, 0x88, 0xD1, 0x38, 0x01, 0xD9, 
    0x86, 0x05, 0x48, 0x06, 0x10, 0xE4, 0x34, 0x6C, 0x88, 0xB2, 0x4C, 0x60, 
    0x14, 0x8A, 0x42, 0x06, 0x25, 0x03, 0x29, 0x02, 0xD2, 0x20, 0x40, 0xC3, 
    0x28, 0x32, 0x1B, 0x24, 0x46, 0xE4, 0x44, 0x49, 0x1B, 0xC4, 0x24, 0x11, 
    0x05, 0x89, 0x99, 0x30, 0x4D, 0x00, 0x09, 0x62, 0x10, 0x39, 0x42, 0x09, 
    0xB0, 0x41, 0x03, 0xC3, 0x05, 0x12, 0x08, 0x69, 0x22, 0x03, 0x2E, 0x10, 
    0x41, 0x6E, 0x8B, 0x22, 0x28, 0x1B, 0x38, 0x4D, 0x54, 0x86, 0x88, 0x04, 
    0x03, 0x45, 0x94, 0xB8, 0x30, 0x81, 0x94, 0x91, 0xD3, 0x30, 0x2E, 0xE0, 
    0x12, 0x4C, 0x13, 0xC7, 0x51, 0x5A, 0x14, 0x32, 0x14, 0x86, 0x69, 0xC2, 
    0xC0, 0x85, 0x0C, 0x44, 0x80, 0xDB, 0x14, 0x20, 0x09, 0x40, 0x21, 0x04, 
    0x22, 0x30, 0x23, 0xC3, 0x70, 0x61, 0xB6, 0x50, 0xA1, 0x12, 0x24, 0x11, 
    0x89, 0x01, 0x0B, 0x22, 0x90, 0x49, 0xA4, 0x01, 0x08, 0x25, 0x80, 0x64, 
    0xC6, 0x2C, 0x8C, 0x20, 0x42, 0xCC, 0x12, 0x60, 0x23, 0x31, 0x8C, 0x1C, 
    0xC6, 0x30, 0x01, 0x07, 0x51, 0x80, 0x26, 0x8D, 0x04, 0x18, 0x0C, 0x4C, 
    0x96, 0x24, 0x92, 0x98, 0x8D, 0x89, 0xB8, 0x65, 0x9A, 0x44, 0x10, 0x60, 
    0x14, 0x06, 0xC9, 0xC4, 0x2D, 0x90, 0x44, 0x86, 0x23, 0x23, 0x00, 0x12, 
    0x39, 0x22, 0x22, 0x17, 0x2E, 0x4A, 0xB4, 0x21, 0x90, 0x16, 0x00, 0x0B, 
    0xC0, 0x2C, 0x01, 0x07, 0x40, 0x5C, 0x02, 0x81, 0x5A, 0x94, 0x48, 0x14, 
    0x25, 0x28, 0x59, 0x88, 0x28, 0x12, 0xC6, 0x40, 0xD3, 0xB4, 0x65, 0x44, 
    0xB4, 0x24, 0x54, 0xB8, 0x31, 0xC1, 0x42, 0x60, 0xC3, 0xC2, 0x70, 0x54, 
    0x40, 0x20, 0x82, 0x02, 0x70, 0x8A, 0x86, 0x0D, 0xA0, 0x94, 0x31, 0xC8, 
    0x14, 0x40, 0x20, 0x38, 0x8A, 0x9A, 0xB2, 0x90, 0x04, 0x90, 0x81, 0x50, 
    0xC6, 0x51, 0x84, 0x20, 0x66, 0x89, 0x44, 0x71, 0xD1, 0x28, 0x8C, 0x24, 
    0x06, 0x68, 0xDC, 0x86, 0x31, 0x91, 0xC4, 0x6D, 0x09, 0xC0, 0x70, 0x83, 
    0xC8, 0x48, 0x8C, 0x02, 0x2D, 0x22, 0xA8, 0x29, 0xC9, 0x20, 0x49, 0x13, 
    0x06, 0x6D, 0x98, 0x10, 0x41, 0x52, 0xB6, 0x29, 0x1B, 0x02, 0x20, 0x03, 
    0x26, 0x49, 0xA2, 0x48, 0x11, 0xCB, 0x08, 0x2A, 0x53, 0x04, 0x60, 0xD2, 
    0x40, 0x86, 0xC2, 0x22, 0x29, 0x44, 0x96, 0x30, 0x53, 0x98, 0x80, 0xC1, 
    0x06, 0x62, 0x09, 0x32, 0x86, 0x52, 0x26, 0x41, 0xE2, 0x82, 0x8D, 0x10, 
    0x47, 0x50, 0x0C, 0xA2, 0x90, 0x04, 0x96, 0x11, 0x61, 0x10, 0x29, 0x22, 
    0xB2, 0x65, 0x18, 0x43, 0x82, 0x94, 0x34, 0x21, 0x01, 0x20, 0x8C, 0x4A, 
    0x10, 0x2A, 0x18, 0x27, 0x41, 0x0C, 0x26, 0x82, 0x0A, 0x41, 0x45, 0xC9, 
    0x04, 0x8E, 0x14, 0xA2, 0x49, 0xCB, 0xB2, 0x04, 0x5B, 0x94, 0x8D, 0x18, 
    0x80, 0x44, 0xDB, 0x34, 0x8C, 0xCB, 0x22, 0x01, 0x20, 0x27, 0x12, 0x94, 
    0x12, 0x68, 0x91, 0x02, 0x68, 0x92, 0xA4, 0x10, 0x1A, 0x27, 0x05, 0x99, 
    0x84, 0x91, 0xA4, 0x32, 0x81, 0x99, 0x80, 0x60, 0x12, 0x35, 0x6D, 0x18, 
    0x04, 0x2C, 0xE1, 0x82, 0x4D, 0x52, 0x46, 0x4C, 0xA4, 0x98, 0x09, 0x18, 
    0xC0, 0x29, 0xE0, 0x26, 0x2E, 0xE4, 0x96, 0x68, 0xC0, 0x90, 0x90, 0x23, 
    0x40, 0x20, 0xA3, 0x10, 0x06, 0x62, 0x38, 0x89, 0xA4, 0x02, 0x06, 0x51, 
    0x84, 0x41, 0x22, 0x44, 0x05, 0x03, 0xA9, 0x88, 0x51, 0x42, 0x49, 0x14, 
    0xC5, 0x6D, 0x59, 0xC4, 0x29, 0x4C, 0xA0, 0x40, 0x92, 0xB6, 0x71, 0x01, 
    0x18, 0x0E, 0x83, 0xB4, 0x8C, 0x64, 0x98, 0x01, 0x24, 0x09, 0x32, 0x24, 
    0x91, 0x65, 0x08, 0x26, 0x0C, 0xD9, 0x32, 0x2C, 0x92, 0x40, 0x31, 0x00, 
    0xB0, 0x4D, 0x50, 0x02, 0x2C, 0xA2, 0x88, 0x31, 0xCC, 0x20, 0x61, 0x62, 
    0x12, 0x88, 0x94, 0x42, 0x29, 0x24, 0xA4, 0x10, 0x9A, 0x20, 0x28, 0x98, 
    0x48, 0x84, 0x1A, 0x32, 0x46, 0x60, 0x88, 0x31, 0x13, 0x44, 0x51, 0x1A, 
    0x11, 0x28, 0x94, 0x26, 0x8C, 0x14, 0xC4, 0x91, 0x00, 0x94, 0x85, 0x09, 
    0x15, 0x8D, 0x19, 0x17, 0x32, 0x80, 0x08, 0x01, 0x0B, 0xC4, 0x08, 0xD1, 
    0x18, 0x81, 0xA3, 0x14, 0x6C, 0x01, 0x44, 0x44, 0x14, 0xA1, 0x85, 0xA1, 
    0x98, 0x44, 0xD9, 0x18, 0x40, 0x9A, 0x34, 0x26, 0x0A, 0x21, 0x8D, 0xA3, 
    0x06, 0x4C, 0x88, 0x02, 0x46, 0x84, 0xA8, 0x0C, 0x0B, 0xB4, 0x49, 0x60, 
    0x20, 0x41, 0x0B, 0xC9, 0x4D, 0x59, 0x82, 0x0D, 0xDA, 0x84, 0x41, 0xC3, 
    0x86, 0x51, 0x09, 0x84, 0x6D, 0x24, 0x24, 0x0A, 0x03, 0x22, 0x6A, 0x24, 
    0x88, 0x25, 0xD0, 0x02, 0x09, 0xC3, 0x38, 0x64, 0x8A, 0x48, 0x2E, 0x24, 
    0xB7, 0x60, 0x51, 0x48, 0x12, 0x04, 0x33, 0x52, 0x13, 0x25, 0x8A, 0x1C, 
    0x18, 0x62, 0xD9, 0xB0, 0x11, 0x24, 0x27, 0x2E, 0x63, 0xA2, 0x65, 0x0A, 
    0x33, 0x72, 0x08, 0x19, 0x21, 0x21, 0x06, 0x61, 0xC0, 0x46, 0x44, 0x62, 
    0xA2, 0x08, 0x91, 0x46, 0x26, 0x98, 0x22, 0x2D, 0x62, 0x86, 0x51, 0x83, 
    0x12, 0x04, 0x0B, 0x40, 0x4D, 0x9C, 0x38, 0x42, 0x13, 0xB1, 0x31, 0x08, 
    0x94, 0x21, 0x48, 0xC6, 0x2D, 0xC4, 0x22, 0x6C, 0x94, 0xC0, 0x68, 0x12, 
    0x99, 0x70, 0x23, 0x81, 0x65, 0x1B, 0x19, 0x30, 0xE4, 0x02, 0x21, 0x23, 
    0xC5, 0x50, 0x8B, 0x18, 0x02, 0xD9, 0xA4, 0x90, 0xDC, 0x42, 0x64, 0x01, 
    0xC9, 0x81, 0x08, 0x84, 0x28, 0x42, 0x80, 0x61, 0x92, 0x20, 0x24, 0x00, 
    0x49, 0x8D, 0x19, 0x86, 0x84, 0x01, 0x11, 0x71, 0xC2, 0x80, 0x41, 0xC8, 
    0x28, 0x28, 0x53, 0x14, 0x24, 0x9B, 0x82, 0x90, 0x17, 0xDE, 0x42, 0x07, 
    0x3C, 0x09, 0xB9, 0xB1, 0x8C, 0x18, 0xEF, 0x46, 0xF3, 0xBE, 0x2C, 0xAD, 
    0x03, 0x84, 0x4D, 0x3F, 0xFA, 0xE0, 0x20, 0xB3, 0x56, 0xD2, 0x84, 0xD1, 
    0xE1, 0xC6, 0x12, 0x85, 0x39, 0x65, 0x41, 0x28, 0x9A, 0x8C, 0xCB, 0xC8, 
    0x2E, 0x46, 0xC6, 0x0A, 0x47, 0xDF, 0x83, 0x85, 0xDA, 0x75, 0xE5, 0xF8, 
    0xE4, 0x69, 0x68, 0xAC, 0x58, 0x45, 0x01, 0xC6, 0x59, 0x1D, 0x7D, 0xE8, 
    0x90, 0xBB, 0x9C, 0xFA, 0x58, 0x51, 0x22, 0x9C, 0xBD, 0x29, 0xBB, 0xAB, 
    0xAA, 0xE8, 0x7E, 0x0D, 0x52, 0x25, 0x67, 0x8F, 0xD4, 0xB2, 0xA3, 0xC1, 
    0x6E, 0x2A, 0x5A, 0xA1, 0xFC, 0xB9, 0xF6, 0x75, 0xB2, 0xCE, 0x10, 0x08, 
    0xEF, 0x50, 0xB3, 0x9A, 0x19, 0x14, 0xF2, 0x53, 0x6E, 0x52, 0xB9, 0x00, 
    0x28, 0x8C, 0xFD, 0x3F, 0x62, 0xED, 0x38, 0x01, 0x6D, 0x65, 0xDF, 0x8A, 
    0x9E, 0x27, 0x6E, 0x63, 0x4B, 0xCB, 0x33, 0x6B, 0xDF, 0xAE, 0x70, 0x6C, 
    0x72, 0x4E, 0x4B, 0x7A, 0x05, 0x62, 0x80, 0xC0, 0x5E, 0x76, 0xDB, 0xA0, 
    0xB3, 0x0C, 0x7F, 0xBC, 0xB7, 0xE1, 0x86, 0x03, 0xCC, 0x6D, 0x97, 0xF1, 
    0x85, 0x52, 0x9B, 0xA4, 0xF1, 0x42, 0x9A, 0xA4, 0x15, 0x02, 0x35, 0xC5, 
    0xF9, 0xAC, 0x7B, 0xCD, 0xB6, 0x68, 0xDC, 0xA7, 0xEB, 0x2E, 0x67, 0x1E, 
    0xF7, 0x0A, 0x28, 0xB1, 0x5F, 0xC0, 0xDF, 0x82, 0xBA, 0x82, 0xF1, 0x39, 
    0x10, 0x46, 0xA8, 0xD9, 0x5A, 0xA9, 0xE4, 0xB6, 0xF8, 0x60, 0xFD, 0xC0, 
    0x54, 0x0C, 0x85, 0xDF, 0x08, 0x04, 0xF6, 0x85, 0xE6, 0xD6, 0xBC, 0x08, 
    0x4E, 0x34, 0xD2, 0xD6, 0x18, 0xD9, 0x7D, 0xE9, 0x3F, 0x00, 0x37, 0x7F, 
    0x75, 0x06, 0x6A, 0xA1, 0x39, 0xCB, 0x62, 0x46, 0x84, 0xDA, 0xD8, 0x6E, 
    0x95, 0x01, 0x38, 0xE8, 0x8B, 0x17, 0xB2, 0x18, 0x24, 0x8F, 0x65, 0x43, 
    0x7B, 0x1B, 0x3A, 0x9E, 0x4B, 0x0B, 0xC0, 0x48, 0xAF, 0xCC, 0x5E, 0x1C, 
    0xF1, 0xCC, 0xF9, 0x08, 0x22, 0xF3, 0xB8, 0x5E, 0x71, 0xCD, 0xE3, 0x90, 
    0xA0, 0x3C, 0xCA, 0xFE, 0x4A, 0xB1, 0xBF, 0xD1, 0xC4, 0x09, 0x62, 0x07, 
    0xC5, 0x0C, 0x16, 0xD2, 0x70, 0xD8, 0x62, 0x3D, 0x6A, 0x3D, 0xE7, 0xDA, 
    0xBE, 0x1A, 0x21, 0x8C, 0xC3, 0xE7, 0x97, 0xA8, 0x15, 0xD0, 0x95, 0xC2, 
    0x30, 0x09, 0x94, 0xF1, 0x00, 0x02, 0x44, 0x25, 0x55, 0x9A, 0xA2, 0x8F, 
    0xA1, 0x41, 0x2D, 0x63, 0xF0, 0xDC, 0x7E, 0xBE, 0x60, 0x94, 0x19, 0x1F, 
    0x66, 0x2B, 0xA9, 0x19, 0x92, 0xDB, 0xC6, 0x08, 0x82, 0x78, 0x1D, 0x04, 
    0x4D, 0xDE, 0x57, 0x57, 0xBE, 0x23, 0xC9, 0xAE, 0x50, 0x3A, 0xF5, 0x61, 
    0x91, 0x9A, 0x6C, 0x7B, 0xED, 0x92, 0xEA, 0x24, 0xFA, 0x4F, 0x1C, 0x28, 
    0x53, 0x65, 0xD4, 0xC1, 0x75, 0x35, 0x02, 0x1D, 0xBD, 0x9A, 0x5B, 0x32, 
    0xCA, 0x17, 0x74, 0xCC, 0xD8, 0x2E, 0xD1, 0x9C, 0xAF, 0x8E, 0x4B, 0x62, 
    0x7B, 0x34, 0x46, 0xED, 0xA8, 0xED, 0xD6, 0xD9, 0x1A, 0xD2, 0x98, 0x4C, 
    0xED, 0xBA, 0xE5, 0xDE, 0x6F, 0x11, 0xE8, 0x6C, 0x40, 0xEA, 0x0A, 0x53, 
    0x73, 0x59, 0xC3, 0xAC, 0x8A, 0x03, 0xAC, 0x88, 0x61, 0x8B, 0x2B, 0xE6, 
    0x9B, 0x61, 0x01, 0xB8, 0xD8, 0xD4, 0x3E, 0x6E, 0x9C, 0xA3, 0x26, 0xF5, 
    0xDB, 0xD6, 0x37, 0xC7, 0xAB, 0xE0, 0xD4, 0xFA, 0x98, 0x18, 0x11, 0x5E, 
    0x6F, 0xBD, 0xFB, 0x2D, 0xE3, 0xFC, 0x0A, 0x64, 0x37, 0xEB, 0xF3, 0xA0, 
    0x96, 0x28, 0x1B, 0xAE, 0x5E, 0x41, 0x76, 0x2D, 0x74, 0xBA, 0x7C, 0x6A, 
    0x5E, 0xB2, 0xE6, 0xD3, 0x5B, 0x23, 0xCF, 0xAC, 0x82, 0x3A, 0xA3, 0x22, 
    0x46, 0xB5, 0x43, 0x8B, 0xA6, 0x49, 0x0A, 0xCC, 0xD9, 0x7E, 0x1A, 0x31, 
    0x67, 0xF4, 0xD6, 0x68, 0x23, 0xD2, 0x09, 0x92, 0x1F, 0x9E, 0x55, 0xEB, 
    0x2F, 0x8F, 0x5B, 0x4A, 0xD0, 0x0D, 0x77, 0x7B, 0xBA, 0x30, 0xDE, 0xD7, 
    0x70, 0x46, 0xDB, 0x61, 0x70, 0xF3, 0xBC, 0xDA, 0x9C, 0x87, 0x23, 0x4E, 
    0x77, 0x3D, 0x66, 0x23, 0x70, 0x1B, 0x13, 0x54, 0x59, 0x74, 0x7B, 0x85, 
    0xBD, 0x66, 0x3A, 0xA2, 0xB9, 0xCA, 0x82, 0xDB, 0xEF, 0x58, 0x9A, 0x8A, 
    0x3A, 0x3D, 0x9C, 0x68, 0xE0, 0xD9, 0x57, 0x01, 0xC6, 0xC5, 0xF6, 0xB9, 
    0x8D, 0x41, 0xC4, 0xAE, 0xD0, 0xC4, 0x2B, 0x4F, 0x15, 0xB1, 0xD5, 0x3D, 
    0x73, 0x13, 0x99, 0xED, 0x0D, 0x73, 0xFF, 0x88, 0x76, 0x6B, 0x41, 0xA1, 
    0x0B, 0xDC, 0x38, 0x4A, 0x6E, 0xF5, 0x62, 0x39, 0xC1, 0xBE, 0x90, 0xE9, 
    0xB0, 0x9B, 0xA6, 0xD3, 0xAB, 0x6E, 0xE5, 0xA1, 0x74, 0x1B, 0xDC, 0x94, 
    0xA1, 0x28, 0x72, 0xBC, 0x59, 0x1E, 0x47, 0x98, 0xFD, 0xF1, 0x75, 0xBC, 
    0xFE, 0xA7, 0x23, 0x11, 0xFF, 0xDB, 0x9D, 0x56, 0xAB, 0x60, 0xFB, 0x5E, 
    0x5E, 0x21, 0x80, 0x5D, 0xF7, 0x4B, 0x9B, 0x52, 0x6D, 0xDF, 0x84, 0x58, 
    0x7B, 0x80, 0x75, 0x1F, 0xE0, 0x06, 0x1E, 0xC8, 0xF3, 0x5C, 0x1F, 0x5F, 
    0xD4, 0x75, 0x3E, 0x6E, 0x26, 0xD2, 0x39, 0x7A, 0x96, 0x20, 0xD9, 0x66, 
    0xF0, 0xE7, 0x6E, 0x8B, 0x6E, 0x92, 0x44, 0x2C, 0xBD, 0x25, 0x75, 0x94, 
    0xFC, 0x58, 0xA2, 0x04, 0x47, 0xC0, 0x5E, 0x36, 0x1C, 0x7B, 0x50, 0xF9, 
    0x28, 0xC6, 0x9A, 0xF3, 0xE1, 0xE3, 0xCF, 0xE3, 0x7F, 0x19, 0x26, 0x35, 
    0x7C, 0xF2, 0x0B, 0x6E, 0xF4, 0xC2, 0x46, 0x80, 0x88, 0xF7, 0x55, 0x88, 
    0x3E, 0xA2, 0xD5, 0xA5, 0x2C, 0x02, 0x1A, 0x73, 0x0E, 0x1B, 0xE4, 0xF4, 
    0x94, 0xE2, 0x74, 0xE9, 0x20, 0xA6, 0x54, 0x3E, 0x35, 0xE6, 0x76, 0x94, 
    0x7B, 0x3D, 0x5A, 0x1C, 0x9F, 0xB9, 0x66, 0x6F, 0xD5, 0xED, 0x8F, 0xC8, 
    0x88, 0x33, 0x59, 0xDC, 0xA6, 0x2F, 0xF0, 0xD2, 0xD5, 0x18, 0x62, 0xD3, 
    0x63, 0x5B, 0x8C, 0x6C, 0x9A, 0x23, 0xDB, 0xE2, 0x2D, 0x03, 0xF8, 0x97, 
    0x78, 0x93, 0xB6, 0x1E, 0x2C, 0x10, 0xE0, 0xBB, 0x75, 0x12, 0xB9, 0xD2, 
    0x46, 0x6B, 0xC1, 0x3D, 0x8E, 0x3B, 0x32, 0xAA, 0xF6, 0x6D, 0x67, 0x0E, 
    0xC0, 0xF4, 0x7D, 0x80, 0x03, 0x32, 0xA1, 0x2E, 0x05, 0x73, 0xFF, 0x57, 
    0x0D, 0x2D, 0xC9, 0x64, 0x99, 0x94, 0x42, 0x28, 0x4B, 0xEB, 0x1F, 0xD2, 
    0xD5, 0xC9, 0x31, 0x53, 0x96, 0xD8, 0x0D, 0xD2, 0x0C, 0xBE, 0x64, 0x20, 
    0xE7, 0xC4, 0x4F, 0x4F, 0xD9, 0xA1, 0x4B, 0x76, 0x85, 0xED, 0x73, 0xB6, 
    0xEF, 0x0B, 0x8A, 0xD5, 0xD6, 0x26, 0x54, 0xD9, 0xDD, 0x2C, 0x11, 0xE7, 
    0xF3, 0xD5, 0x68, 0xB8, 0x6B, 0x92, 0x52, 0x27, 0xEF, 0x83, 0x2D, 0x83, 
    0x2D, 0x93, 0x66, 0x1F, 0xB1, 0x53, 0x14, 0x2A, 0x1B, 0x6C, 0x6E, 0x08, 
    0x75, 0x08, 0x8A, 0x70, 0xB6, 0x2E, 0xD3, 0x2D, 0x13, 0x65, 0x5D, 0x84, 
    0x13, 0x01, 0x77, 0xEA, 0x44, 0x5D, 0x69, 0xC2, 0xC3, 0x54, 0xD6, 0x79, 
    0xC1, 0xFA, 0xF0, 0x9F, 0xB0, 0xC1, 0x94, 0xD9, 0x68, 0x4A, 0x4C, 0x09, 
    0xE1, 0x9E, 0xED, 0x60, 0x02, 0x7F, 0xE2, 0x6F, 0x03, 0x10, 0x60, 0x52, 
    0x4D, 0xA5, 0xD4, 0xC8, 0xB7, 0xC8, 0x48, 0x7D, 0xA1, 0x1C, 0x42, 0x4A, 
    0x20, 0xF1, 0x48, 0x55, 0x43, 0xD4, 0xE1, 0x26, 0x33, 0xE1, 0x6C, 0x83, 
    0xD2, 0x98, 0xD2, 0x18, 0xF0, 0xF1, 0x55, 0xC3, 0x83, 0x81, 0xC9, 0x55, 
    0x77, 0x15, 0xD6, 0xD0, 0x7D, 0xF2, 0x8A, 0x88, 0xCD, 0x0B, 0xC2, 0x77, 
    0x1F, 0x5F, 0x70, 0xD5, 0x4B, 0x0E, 0x16, 0xF0, 0x58, 0x1F, 0x00, 0x17, 
    0xC3, 0xC6, 0xA9, 0xEB, 0xAC, 0xAD, 0xDB, 0x04, 0x55, 0x18, 0x80, 0xAF, 
    0x01, 0xDF, 0xE7, 0xC1, 0x0E, 0x44, 0xA9, 0x80, 0x89, 0x4D, 0x51, 0x0C, 
    0xB9, 0xF1, 0x36, 0xF4, 0x18, 0x16, 0xB5, 0x78, 0xBD, 0x64, 0x3C, 0xEB, 
    0xE6, 0x78, 0x7F, 0x0C, 0xC6, 0x5E, 0xA1, 0x69, 0x87, 0x53, 0x5E, 0xBD, 
    0x38, 0xF3, 0x8D, 0xE9, 0x84, 0xDB, 0x00, 0x96, 0xE0, 0x22, 0x8D, 0x43, 
    0xB8, 0xCB, 0x0C, 0x16, 0xEF, 0xF5, 0xE3, 0x7B, 0xBF, 0x0D, 0xA8, 0x8A, 
    0xEE, 0xAD, 0x2A, 0xE8, 0xCF, 0xE6, 0x9C, 0x3F, 0x1A, 0x44, 0x29, 0x78, 
    0xBA, 0x36, 0xBB, 0x9D, 0xA1, 0x99, 0xE7, 0x70, 0xAD, 0xB2, 0xEB, 0x0C, 
    0x24, 0x5A, 0xFE, 0xB4, 0x7E, 0x4F, 0x2A, 0x70, 0x0C, 0x9E, 0x1C, 0xE1, 
    0x4F, 0x82, 0x4C, 0xE3, 0x80, 0x06, 0x0B, 0x9D, 0xB2, 0x88, 0x43, 0x9C, 
    0x03, 0xAF, 0x6C, 0xF8, 0xA9, 0xED, 0x6A, 0x13, 0x63, 0xC4, 0x6E, 0xF7, 
    0x98, 0x77, 0x83, 0xFE, 0xBB, 0x4D, 0x6F, 0xE3, 0x36, 0x17, 0xD4, 0xC3, 
    0xC3, 0x00, 0x50, 0x1A, 0xB2, 0x3C, 0x22, 0x12, 0xCD, 0x8D, 0x41, 0x18, 
    0x13, 0x56, 0xB6, 0x03, 0xAB, 0x46, 0x12, 0xE7, 0x6E, 0xF3, 0x3E, 0x5D, 
    0xCB, 0xF8, 0x8D, 0x36, 0xE9, 0x3B, 0x08, 0x1D, 0x2B, 0xB6, 0xF7, 0x3E, 
    0x3B, 0x6F, 0x35, 0xC2, 0xBF, 0x8C, 0xDE, 0xF2, 0x3C, 0x85, 0x51, 0x10, 
    0x9D, 0x88, 0x92, 0xFC, 0x6D, 0xE1, 0xCF, 0xC9, 0xE4, 0xFB, 0xAC, 0x47, 
    0xD0, 0x31, 0xE3, 0xDD, 0x73, 0x6D, 0xE6, 0x31, 0x88, 0x3B, 0x35, 0xAD, 
    0x59, 0xDE, 0x97, 0x12, 0x0B, 0xB1, 0x58, 0x72, 0xAD, 0x4F, 0x3F, 0xA9, 
    0xDA, 0x5B, 0x21, 0xA3, 0x38, 0x5C, 0x8C, 0xD3, 0x3E, 0x5A, 0xFA, 0x9A, 
    0xCC, 0xB2, 0xEB, 0x65, 0xBC, 0x1B, 0x4D, 0x05, 0xE8, 0xF5, 0x06, 0x3F, 
    0xCA, 0x42, 0xAA, 0x17, 0xA0, 0x32, 0x93, 0x13, 0x06, 0x58, 0x1B, 0x51, 
    0x94, 0xC2, 0xE6, 0x8B, 0x08, 0x8A, 0x75, 0x07, 0xEF, 0x7B, 0x6B, 0x3D, 
    0x44, 0x51, 0x37, 0x30, 0x54, 0x48, 0x3F, 0x73, 0xE2, 0xE1, 0xA9, 0xA8, 
    0xA8, 0x65, 0x2F, 0x09, 0x72, 0x5F, 0x12, 0xAE, 0x69, 0x28, 0x0E, 0xB2, 
    0xF7, 0xAF, 0x97, 0x49, 0x0E, 0x69, 0x27, 0xA4, 0x4A, 0x0B, 0xBA, 0x80, 
    0xA1, 0xD4, 0xA4, 0xD7, 0x30, 0x1A, 0xDE, 0xE3, 0x3E, 0x84, 0xBE, 0xDD, 
    0x08, 0x3F, 0xB3, 0x3E, 0xC8, 0x31, 0x21, 0xD1, 0x8E, 0xA8, 0xBC, 0x57, 
    0x7C, 0xC9, 0xBF, 0xD2, 0xEF, 0x68, 0xBE, 0x5E, 0x70, 0xCE, 0xE8, 0xE6, 
    0x5B, 0x73, 0x66, 0x43, 0x3E, 0x9C, 0xD1, 0x0C, 0x6A, 0x90, 0x62, 0xEC, 
    0x65, 0x50, 0x60, 0x11, 0x85, 0x39, 0xC4, 0x08, 0x80, 0xEC, 0x41, 0x9A, 
    0x74, 0xD4, 0x06, 0xEB, 0x0E, 0x69, 0x20, 0xBE, 0xBD, 0xB8, 0x68, 0xC9, 
    0xFB, 0x18, 0xD0, 0xAE, 0x3C, 0x04, 0xDF, 0x87, 0x3C, 0xFD, 0x15, 0x3E, 
    0x16, 0x30, 0x27, 0xE8, 0x9D, 0x0D, 0x32, 0x35, 0x36, 0x23, 0xC6, 0x04, 
    0xF5, 0x95, 0x84, 0x07, 0xD8, 0xA5, 0x29, 0x4E, 0x16, 0xC3, 0xA5, 0xCF, 
    0x80, 0x04, 0x8D, 0x50, 0x8E, 0x3D, 0x97, 0x2E, 0x70, 0x37, 0x36, 0x2B, 
    0x2C, 0xD7, 0xA0, 0xFE, 0xC4, 0x7C, 0xC1, 0xAB, 0x90, 0xB6, 0x8C, 0x75, 
    0x1A, 0x47, 0x4C, 0x12, 0x4B, 0xF3, 0x2D, 0xCC, 0xF5, 0x28, 0x89, 0xE7, 
    0xCA, 0xF9, 0x94, 0x6D, 0x0B, 0xF1, 0xE9, 0x0B, 0x93, 0x4A, 0xC9, 0xEB, 
    0x8C, 0x45, 0x39, 0x79, 0x61, 0x56, 0x9E, 0x0B, 0x6B, 0xDF, 0x11, 0xE1, 
    0xB0, 0x6F, 0xEB, 0x01, 0xF3, 0x5F, 0x69, 0x0E, 0x9E, 0x9E, 0xC0, 0x62, 
    0xF7, 0xF4, 0xE1, 0xB6, 0xDD, 0x5A, 0x8E, 0x43, 0xA5, 0x71, 0x23, 0x79, 
    0x07, 0x7A, 0x76, 0x20, 0xFE, 0x48, 0x07, 0xF0, 0xE4, 0x1A, 0x35, 0xB4, 
    0xA3, 0x39, 0x87, 0x9E, 0x8E, 0xA8, 0xC1, 0xF3, 0x82, 0xD1, 0xAF, 0x20, 
    0x44, 0x96, 0x0A, 0xDE, 0xFB, 0x37, 0xD7, 0xAB, 0xFD, 0x2F, 0x87, 0x4B, 
    0x18, 0xD5, 0xA1, 0x37, 0xD0, 0x8B, 0xEC, 0xC6, 0xB0, 0x64, 0x61, 0x9C, 
    0xE1, 0x71, 0xD8, 0x2C, 0x4A, 0x5A, 0xAB, 0x39, 0x9D, 0x7D, 0x45, 0xBF, 
    0xEB, 0x3A, 0x94, 0x68, 0x59, 0x15, 0x33, 0xB2, 0xA4, 0xA0, 0xD8, 0xD9, 
    0x14, 0x47, 0xF8, 0x29, 0x49, 0xA3, 0xC5, 0xC0, 0xC0, 0x71, 0xC4, 0xD2, 
    0x62, 0xEA, 0x7C, 0x94, 0x3A, 0xDD, 0xF1, 0xD2, 0xB4, 0xA0, 0x6C, 0xD7, 
    0x52, 0x78, 0x72, 0x5B, 0x2F, 0xFC, 0xB7, 0xDB, 0xD7, 0xB8, 0x98, 0x66, 
    0x5E, 0x8D, 0x9C, 0x4D, 0x42, 0x84, 0x71, 0x78, 0x94, 0xB6, 0x4A, 0x47, 
    0x58, 0xFC, 0xBD, 0xAB, 0xE3, 0x37, 0x7E, 0x4E, 0x56, 0x4E, 0x09, 0x1F, 
    0xB0, 0xCF, 0x22, 0xF4, 0xAD, 0x09, 0x9A, 0x61, 0x4D, 0x33, 0x58, 0x1C, 
    0x42, 0x7C, 0x8D, 0x1A, 0xCA, 0xD0, 0x31, 0xBF, 0x86, 0xB2, 0xD7, 0xB2, 
    0x7F, 0x99, 0x2E, 0x27, 0x13, 0x84, 0xEC, 0xD4, 0x93, 0x29, 0x9A, 0x43, 
    0xF2, 0x12, 0x42, 0x8D, 0x74, 0x87, 0xC6, 0xDE, 0x03, 0xA4, 0x10, 0x5B, 
    0x7F, 0x4D, 0x66, 0xC6, 0xF9, 0x97, 0xC1, 0x80, 0xF4, 0xEE, 0x32, 0x50, 
    0xB3, 0xCE, 0xFA, 0xCE, 0x48, 0x7E, 0xAF, 0x56, 0xBA, 0xC2, 0x86, 0x87, 
    0x86, 0xA0, 0x05, 0xD9, 0x93, 0x75, 0x84, 0xDF, 0x3D, 0xBA, 0x0A, 0xF8, 
    0x1D, 0x30, 0x8D, 0x14, 0x9E, 0xCA, 0xAB, 0x49, 0xF3, 0x9D, 0x0A, 0x15, 
    0x93, 0x3C, 0x15, 0xD0, 0xE4, 0xCD, 0x15, 0x87, 0xF8, 0x17, 0xDE, 0xE0, 
    0x54, 0x54, 0x68, 0x40, 0x6A, 0x68, 0x92, 0xFA, 0x3E, 0x8F, 0xA3, 0x80, 
    0xD2, 0xD2, 0x88, 0x10, 0x23, 0x86, 0xAB, 0xFD, 0x95, 0xB2, 0x1B, 0x19, 
    0xA4, 0x16, 0x73, 0xE2, 0x80, 0x8F, 0x02, 0xDC, 0x90, 0xCC, 0x77, 0x28, 
    0xA0, 0xB2, 0x68, 0x42, 0x3B, 0x2E, 0x5D, 0xA3, 0x32, 0x5C, 0x62, 0x71, 
    0xF3, 0x66, 0x6A, 0x0D, 0x28, 0xCA, 0xBD, 0x8C, 0x69, 0xC9, 0x13, 0x2D, 
    0x4B, 0x77, 0x61, 0x51, 0xE6, 0x9C, 0xD9, 0x64, 0xD1, 0xE5, 0xF5, 0x92, 
    0x01, 0xD5, 0xA7, 0x92, 0x98, 0x30, 0x5F, 0xC3, 0x7E, 0x24, 0xA8, 0xA5, 
    0xDA, 0x96, 0x76, 0x52, 0x67, 0x89, 0x24, 0x9E, 0xEF, 0x0C, 0x10, 0xBF, 
    0x66, 0x91, 0x35, 0x48, 0x8D, 0x13, 0xB3, 0x41, 0x5F, 0x07, 0xC1, 0xE5, 
    0x4B, 0xD2, 0x75, 0x98, 0x9D, 0xA6, 0x53, 0x9B, 0x9A, 0x23, 0xC2, 0xAA, 
    0xFD, 0x2D, 0xDF, 0xBA, 0x71, 0x16, 0xCD, 0x98, 0xEF, 0x60, 0x18, 0xDD, 
    0x60, 0x9E, 0x8F, 0x90, 0x20, 0xDA, 0x97, 0x6C, 0x10, 0xD5, 0xF9, 0xAB, 
    0xEB, 0x2E, 0x71, 0x6B, 0x14, 0x0A, 0xA5, 0x67, 0x89, 0x77, 0xFB, 0x85, 
    0x93, 0x3C, 0x02, 0x3E, 0x33, 0xE8, 0xA3, 0x97, 0xAC, 0xEC, 0xD8, 0x7E, 
    0x42, 0x42, 0x8B, 0xBD, 0x75, 0x05, 0xA0, 0x79, 0x2C, 0xE0, 0xFB, 0x20, 
    0xBE, 0x5F, 0x52, 0x36, 0x2A, 0x9C, 0xCB, 0x1B, 0x61, 0x5D, 0x66, 0x3C, 
    0x43, 0xB0, 0x94, 0x21, 0x41, 0x39, 0xAD, 0xB6, 0x69, 0xE2, 0xE1, 0xA0, 
    0x63, 0x62, 0xAF, 0xB1, 0xE2, 0x88, 0x33, 0x1A, 0xDD, 0x58, 0xD4, 0x72, 
    0x3D, 0x4E, 0x37, 0x5F, 0x90, 0x97, 0xF1, 0x95, 0x80, 0x22, 0xEC, 0x9D, 
    0xB8, 0x94, 0x93, 0x00, 0x38, 0x3A, 0x39, 0xE0, 0xA5, 0x8A, 0x20, 0x0D, 
    0x2E, 0xBB, 0xD0, 0x53, 0x38, 0xC1, 0xB6, 0x97, 0x15, 0x09, 0xB7, 0x16, 
    0x86, 0x4D, 0xE1, 0x75, 0x4F, 0xDA, 0x72, 0x7F, 0xA0, 0x9C, 0x52, 0xFF, 
    0x77, 0x8A, 0xF0, 0x32, 0xAF, 0x89, 0x00, 0xCE, 0x3E, 0x02, 0x88, 0x91, 
    0x39, 0x98, 0x5E, 0xF5, 0x97, 0x6D, 0x25, 0x49, 0x7D, 0x2C, 0x61, 0xDD, 
    0x41, 0xA6, 0x29, 0x9E, 0x45, 0x9B, 0x17, 0x6A, 0x83, 0x62, 0x8C, 0x0D, 
    0x1C, 0xCC, 0x1B, 0x64, 0xF8, 0xBA, 0x51, 0x78, 0x35, 0x72, 0x7A, 0x51, 
    0xA1, 0x68, 0x10, 0x5B, 0xA3, 0x02, 0xB9, 0x27, 0x26, 0xA9, 0x2E, 0x86, 
    0x76, 0xAE, 0xDF, 0x87, 0xA4, 0x3E, 0xF9, 0x0A, 0x3A, 0xC4, 0x47, 0x8F, 
    0x3B, 0xD8, 0x8E, 0xB3, 0x27, 0x03, 0x74, 0x85, 0x3D, 0xA5, 0xA6, 0x85, 
    0xFD, 0x14, 0x12, 0x21, 0xB7, 0x57, 0x33, 0x9E, 0xB2, 0x6F, 0x53, 0x45, 
    0x29, 0x4B, 0x6D, 0x15, 0x5F, 0xC1, 0x5C, 0x51, 0xF4, 0x1B, 0x3D, 0x53, 
    0x80, 0x29, 0xEF, 0x08, 0x9F, 0xA6, 0xF3, 0x0B, 0x4F, 0x9E, 0x5B, 0x6F, 
    0xE3, 0x1D, 0x31, 0x4B, 0x90, 0x76, 0xBF, 0xB5, 0xDE, 0xDD, 0x01, 0x2A, 
    0xEC, 0xC9, 0xF0, 0x60, 0x8D, 0xE4, 0xA6, 0x7F, 0xB9, 0x5A, 0xA4, 0x3F, 
    0x88, 0x13, 0xE2, 0x3B, 0x61, 0x0D, 0x20, 0xE2, 0xF9, 0xBB, 0xF7, 0xFB, 
    0x27, 0x6B, 0x9B, 0x4A, 0x66, 0x78, 0xB6, 0x39, 0xC7, 0x43, 0xF3, 0x6B, 
    0xEF, 0x0C, 0x5D, 0x8F, 0x2F, 0x33, 0x74, 0xF9, 0x9C, 0x06, 0x07, 0x24, 
    0x78, 0xBB, 0xC6, 0x4E, 0xE8, 0xB8, 0xFF, 0x47, 0x32, 0x85, 0x9C, 0xBE, 
    0xA0, 0x0F, 0xEC, 0x1C, 0x73, 0x79, 0x9F, 0x06, 0x8D, 0xC6, 0x8D, 0x43, 
    0xCD, 0xBD, 0xB5, 0x38, 0xB2, 0x06, 0xDF, 0xCC, 0xD5, 0x88, 0xF3, 0x78, 
    0x55, 0x5A, 0x01, 0x97, 0x45, 0xB8, 0x39, 0xE2, 0x35, 0x7F, 0xA1, 0x6C, 
    0xFB, 0x46, 0xD3, 0x44, 0xB2, 0x2B, 0x19, 0x51, 0xF4, 0x10, 0xFF, 0x07, 
    0x51, 0x33, 0xF1, 0x7E, 0x67, 0x01, 0xB5, 0xEC, 0xB3, 0xAD, 0xD5, 0xCD, 
    0xB0, 0xE2, 0x79, 0x16, 0x7B, 0x89, 0x9C, 0x0D, 0x6E, 0x77, 0xBF, 0x37, 
    0x86, 0x1D, 0xDB, 0x80, 0x2D, 0x55, 0xEA, 0xDD, 0x8C, 0xA5, 0x32, 0x81, 
    0xFE, 0xAC, 0x0C, 0x29, 0xFC, 0x6B, 0xA2, 0x9B, 0x66, 0x55, 0xC4, 0x81, 
    0x01, 0xCE, 0x9A, 0x2C, 0xA5, 0xB5, 0xD1, 0x19, 0xEE, 0xA5, 0xF2, 0x73, 
    0x8B, 0x30, 0xCE, 0xC2, 0x4D, 0x14, 0x8F, 0xF4, 0xBE, 0xB1, 0x51, 0xFD, 
    0x54, 0x8D, 0x64, 0x15, 0xFD, 0x37, 0x2B, 0x3D, 0x05, 0x6F, 0x59, 0xA0, 
    0x20, 0x31, 0x34, 0xD8, 0x55, 0xBA, 0x8A, 0x66, 0x8D, 0x8E, 0x84, 0x6A, 
    0xAA, 0xB4, 0x26, 0x4A, 0x50, 0x29, 0x8C, 0xED, 0x79, 0x7D, 0xC5, 0x5C, 
    0xD0, 0xE9, 0x52, 0x2B, 0x03, 0x50, 0xF7, 0x3A, 0xD5, 0xBD, 0x51, 0x76, 
    0x2B, 0xD4, 0xDC, 0x1A, 0x8D, 0x43, 0x31, 0xF6, 0x09, 0xB2, 0x84, 0xBA, 
    0xCD, 0xFB, 0xEB, 0x3E, 0x0F, 0x78, 0x2C, 0xA8, 0xB8, 0xC7, 0x20, 0xCE, 
    0xD9, 0xB7, 0x53, 0xBD, 0x68, 0x8D, 0xC0, 0x38, 0xE1, 0x63, 0xB3, 0x74, 
    0x74, 0x85, 0x06, 0xE1, 0x78, 0x5A, 0xD0, 0x22, 0xB6, 0x68, 0x3F, 0x1C, 
    0xAB, 0xEB, 0x43, 0x54, 0x55, 0x55, 0x77, 0xF6, 0x2B, 0xAD, 0x81, 0x38, 
    0x18, 0x90, 0x69, 0xDF, 0x8A, 0x7B, 0x44, 0xF7, 0x11, 0xA4, 0x17, 0x43, 
    0x68, 0xF2, 0x9D, 0x3A, 0xB1, 0x6D, 0x50, 0xE7, 0x03, 0xB9, 0x1B, 0x76, 
    0xFB, 0xFA, 0x42, 0x6E, 0x12, 0x35, 0x98, 0xC3, 0xC8, 0x43, 0x4B, 0xCD, 
    0x0B, 0x29, 0x0C, 0xC3, 0x70, 0x9B, 0xB3, 0x9D, 0xBD, 0x3E, 0xB5, 0x3A, 
    0x86, 0x27, 0x37, 0x2B, 0xCA, 0x42, 0x9B, 0x0D, 0x4B, 0xE3, 0xF6, 0xC5, 
    0xA4, 0xD8, 0x16, 0x2F, 0x23, 0x26, 0x1E, 0xEF, 0x4B, 0xE8, 0x94, 0x07, 
    0xAA, 0x8F, 0xE5, 0x2A, 0x44, 0x12, 0x1D, 0x07, 0xB6, 0xA8, 0x51, 0x71, 
    0xE4, 0x0D, 0xA9, 0xAC, 0x7F, 0xA1, 0x37, 0xED, 0x6C, 0x48, 0x2C, 0x09, 
    0xE0, 0xBE, 0xE1, 0x56, 0xAF, 0x3D, 0xAC, 0xF8, 0xBB, 0x81, 0x8E, 0x5F, 
    0x90, 0x5D, 0x9B, 0x17, 0x40, 0xB1, 0x12, 0xA0, 0xC5, 0x95, 0xD2, 0x47, 
    0x05, 0x60, 0x9F, 0x20, 0x1A, 0xB4, 0xBC, 0x1D, 0x24, 0x82, 0x9E, 0xF2, 
    0x7A, 0x80, 0x26, 0x13, 0xAC, 0x50, 0x43, 0xFF, 0x15, 0xA2, 0xA7, 0xEB, 
    0x97, 0x57, 0xE1, 0xDA, 0xC3, 0x43, 0xBF, 0xC0, 0xBC, 0x62, 0x03, 0x04, 
    0x31, 0x72, 0x87, 0x68, 0xB2, 0x40, 0x90, 0x34, 0xC9, 0xD9, 0x1F, 0xD1, 
    0x2C, 0xAF, 0xED, 0x30, 0x6D, 0x47, 0x05, 0xDB, 0x2C, 0x47, 0x22, 0x5B, 
    0x52, 0x68, 0x71, 0x4E, 0xE5, 0xB1, 0xAA, 0xB2, 0x18, 0x72, 0xC2, 0x45, 
    0x05, 0xC2, 0x71, 0xD3, 0x3A, 0xA7, 0xF0, 0x85, 0x1C, 0x5C, 0xD9, 0x36, 
    0x82, 0x13, 0xA5, 0x9A, 0x29, 0x79, 0x0D, 0x90, 0x96, 0x76, 0xE4, 0x8A, 
    0x3F, 0x05, 0x95, 0x79, 0x25, 0x38, 0xA4, 0x34, 0x8B, 0xBA, 0x83, 0x36, 
    0x3C, 0x6A, 0x65, 0x53, 0x37, 0xAE, 0xF5, 0x40, 0x03, 0xF6, 0xD9, 0x30, 
    0x72, 0xA3, 0x92, 0xA3, 0x11, 0xD9, 0xEE, 0x88, 0xE3, 0x94, 0x75, 0x5A, 
    0x02, 0x3C, 0x87, 0xAC, 0xBD, 0x89, 0xCC, 0x57, 0xD4, 0x3B, 0x65, 0xE1, 
    0xF6, 0x2A, 0x20, 0x33, 0x0E, 0x2A, 0xFC, 0x62, 0xAB, 0x47, 0x6F, 0x96, 
    0xCB, 0xC3, 0x85, 0x66, 0x9A, 0xBA, 0x45, 0xC3, 0x9A, 0xAB, 0xCA, 0x07, 
    0x79, 0x10, 0x22, 0xF1, 0x75, 0x32, 0xB8, 0xFE, 0x5B, 0xDB, 0x5B, 0x15, 
    0x7F, 0x37, 0x41, 0xB7, 0x75, 0x57, 0x90, 0x23, 0x64, 0x81, 0x80, 0xCE, 
    0x69, 0x1E, 0x21, 0x7B, 0x57, 0x8C, 0xB2, 0x2D, 0x25, 0xE8, 0x43, 0xD0, 
    0xDA, 0x4A, 0x09, 0x73, 0x99, 0xAD, 0x5B, 0xB8, 0x6E, 0x11, 0x65, 0x5B, 
    0x7E, 0x5A, 0x0B, 0xE7, 0x0E, 0xFE, 0x5E, 0x86, 0x0C, 0x34, 0x50, 0xAC, 
    0x95, 0x29, 0xBF, 0x64, 0x01, 0x12, 0x75, 0xB2, 0xA7, 0xA2, 0x67, 0xB2, 
    0x93, 0x0A, 0x34, 0x6A, 0xF2, 0xC1, 0xA9, 0xD1, 0x5C, 0x2C, 0x2F, 0x72, 
    0xA3, 0xE5, 0x7D, 0xA0, 0xC5, 0x02, 0x13, 0x70, 0x36, 0xF0, 0x14, 0x0F, 
    0xB5, 0x4B, 0xF3, 0xC3, 0x9E, 0x1D, 0x15, 0x3F, 0x84, 0xA2, 0x11, 0x5C, 
    0x21, 0x0A, 0x4A, 0x2F, 0xA6, 0x58, 0xDA, 0x32, 0xBA, 0xE3, 0xA4, 0x84, 
    0xE8, 0x22, 0x45, 0xDF, 0x7D, 0xD5, 0xC7, 0x9E, 0x37, 0xBC, 0xB5, 0x25, 
    0x6A, 0x65, 0x76, 0x38, 0x0E, 0x3D, 0x80, 0x36, 0x97, 0xF6, 0x69, 0xA3, 
    0x32, 0x79, 0xCE, 0x39, 0xD0, 0x7E, 0x4A, 0xAA, 0x34, 0x69, 0xAF, 0x20, 
    0x5E, 0x09, 0xD1, 0xF1, 0x6D, 0x7D, 0xF4, 0x1C, 0x70, 0x0A, 0x50, 0x72, 
    0xDD, 0xE6, 0x66, 0x66, 0x7C, 0xB7, 0x20, 0xF9, 0x1F, 0xE0, 0xA9, 0x30, 
    0x9C, 0xCC, 0x43, 0x88, 0x1A, 0x7A, 0xE8, 0x14, 0x13, 0x96, 0xEB, 0xB0, 
    0x57, 0x4C, 0x1E, 0x28, 0xAF, 0x9D, 0x13, 0x88, 0xD7, 0x92, 0x40, 0xD9, 
    0x20, 0x51, 0xE0, 0xAB, 0xFA, 0x15, 0x48, 0x1A, 0x6C, 0xE8, 0x6B, 0x82, 
    0xBE, 0xCB, 0x1A, 0x0A, 0xFB, 0x9B, 0x68, 0x22, 0x4A, 0xB1, 0xCC, 0x65, 
    0xC8, 0xFE, 0x5D, 0x44, 0x06, 0x32, 0x85, 0x24, 0x9F, 0x72, 0x50, 0x4D, 
    0xF3, 0xCC, 0x02, 0xE4, 0x48, 0x12, 0x36, 0xCD, 0xB3, 0x37, 0x61, 0xF3, 
    0x05, 0xD6, 0x78, 0x53, 0xC1, 0x03, 0x3D, 0x7A, 0x9B, 0x77, 0x23, 0x83, 
    0x3F, 0x36, 0x0F, 0xB3, 0x20, 0xB3, 0xD2, 0xF2, 0x8B, 0x2A, 0x35, 0x12, 
    0xAB, 0xAB, 0x88, 0xDF, 0x09, 0x53, 0xA4, 0xC6, 0x77, 0x67, 0x93, 0x0A, 
    0x85, 0x7E, 0xEB, 0x4E, 0x90, 0x72, 0x2D, 0x4C, 0xAF, 0x0B, 0x7D, 0x73, 
    0x4D, 0x52, 0x2C, 0xD2, 0x69, 0x12, 0x55, 0xB6, 0x45, 0x8D, 0xE8, 0x6C, 
    0x8D, 0x20, 0x1E, 0x31, 0x7F, 0x4B, 0x93, 0x7B, 0xEB, 0xCB, 0xE9, 0x94, 
    0x2E, 0xF1, 0x78, 0x36, 0x52, 0x06, 0xD9, 0x1C, 0xE9, 0xFB, 0x86, 0xF9, 
    0xE8, 0x4C, 0xC8, 0x50, 0x7E, 0xEC, 0xE2, 0x1A, 0x07, 0xD5, 0x58, 0x14, 
    0x62, 0x7C, 0x0A, 0xEF, 0x7B, 0x69, 0xBC, 0x19, 0x4D, 0xF8, 0x1A, 0xA0, 
    0x58, 0xA7, 0x45, 0x86, 0xD1, 0x63, 0xDC, 0x5B, 0xFB, 0x29, 0x03, 0xF0, 
    0xD7, 0x43, 0x96, 0xD7, 0x23, 0xD7, 0xD3, 0x69, 0x88, 0x1A, 0x7C, 0xAD, 
    0x13, 0x06, 0xF2, 0x4F, 0x77, 0x1A, 0xAC, 0xD7, 0x29, 0x74, 0x52, 0xF2, 
    0x69, 0x1B, 0x6A, 0xDD, 0xF4, 0xE9, 0xC7, 0x95, 0xB9, 0x68, 0x13, 0x7F, 
    0x27, 0x9D, 0xD6, 0x98, 0x89, 0x48, 0x35, 0x94, 0x15, 0xFE, 0xA4, 0x4A, 
    0x66, 0x68, 0xA9, 0x87, 0xAB, 0x48, 0xE0, 0xF3, 0xB5, 0x3C, 0x32, 0x7C, 
    0xA0, 0x09, 0xFD, 0xB9, 0x68, 0xB1, 0x6C, 0xF8, 0x60, 0x69, 0x79, 0xA8, 
    0x38, 0x00, 0x57, 0xA1, 0x25, 0x36, 0xED, 0x45, 0x8E, 0x21, 0x7D, 0x37, 
    0xC3, 0xF4, 0xCB, 0x52, 0xF3, 0x29, 0x7C, 0x00, 0x50, 0xFE, 0xCA, 0x83, 
    0x1C, 0x97, 0xA5, 0x0C, 0x5C, 0x3A, 0x2E, 0x66, 0xE4, 0x63, 0x27, 0xE3, 
    0x7F, 0x27, 0xC8, 0x06, 0x0C, 0xB0, 0xDE, 0x6F, 0xC1, 0x17, 0x7B, 0xBB, 
    0xAE, 0x66, 0x34, 0x14, 0xE1, 0xEB, 0xF2, 0x96, 0x0E, 0x31, 0x99, 0x11, 
    0xF8, 0xC1, 0xFD, 0x2E, 0x3C, 0xD1, 0xCF, 0xE9, 0x97, 0x2D, 0x33, 0x06, 
    0x09, 0x7F, 0x10, 0xA1, 0xEF, 0x6A, 0xF2, 0x26, 0xB8, 0xEB, 0x7F, 0x09, 
    0x3B, 0x1F, 0x6E, 0x22, 0x39, 0xE1, 0x83, 0x3C, 0x58, 0x8A, 0x03, 0x80, 
    0x8D, 0x2E, 0x70, 0x4F, 0x73, 0x02, 0x68, 0x77, 0x1F, 0x01, 0xF7, 0xFF, 
    0x8F, 0x51, 0x74, 0xFD, 0x89, 0x43, 0x8B, 0x9F, 0x08, 0x78, 0x33, 0x2B, 
    0x52, 0x3A, 0xF2, 0xC8, 0x8C, 0xC8, 0x4D, 0x70, 0x2D, 0x9B, 0x48, 0x4B, 
    0x25, 0x61, 0xEA, 0x0B, 0xD6, 0x0D, 0xFB, 0x8F, 0xA4, 0x5A, 0xDA, 0x80, 
    0x25, 0x40, 0x1C, 0x0C, 0x7B, 0x7B, 0x7A, 0xE9, 0x6D, 0x5D, 0xB5, 0x10
};

/* The NIST CAVP ML-DSA sign test #61 context vector */
static const uint8_t cavp_mldsa_87_sign_id61_ctx[33] = {
    0xCA, 0x2A, 0xAD, 0x52, 0xAB, 0x8A, 0xF1, 0x2C, 0xC0, 0xB9, 0xD6, 0x3D, 
    0xA3, 0x1B, 0xB9, 0x78, 0xA9, 0x46, 0x48, 0x55, 0xC1, 0xE0, 0xD2, 0x81, 
    0xC6, 0xF9, 0x17, 0xB5, 0xA8, 0x72, 0x3D, 0xD8, 0x78
};

/* The NIST CAVP ML-DSA sign test #61 expected signature vector */
static const uint8_t cavp_mldsa_87_sign_id61_sig_exp[4627] = {
    0x48, 0x23, 0x42, 0x7A, 0x55, 0x79, 0x0F, 0x42, 0xCE, 0x80, 0xC0, 0xB7, 
    0x52, 0x13, 0xDA, 0xAF, 0x2C, 0xFC, 0x0C, 0xF9, 0x4A, 0xEA, 0xF3, 0x25, 
    0x97, 0xAA, 0xD9, 0x4F, 0x70, 0xBA, 0x92, 0x60, 0x01, 0x9D, 0x65, 0x75, 
    0x8A, 0x8A, 0xF6, 0xF7, 0x78, 0x3A, 0x0B, 0xD7, 0x46, 0x10, 0x48, 0x42, 
    0x6E, 0x04, 0xAD, 0xE9, 0x17, 0x8F, 0x60, 0x23, 0x5B, 0xB0, 0x9C, 0x65, 
    0x10, 0x7E, 0x1B, 0x3B, 0x65, 0x90, 0x0D, 0x16, 0x17, 0x82, 0x15, 0x83, 
    0xD8, 0xBA, 0x3E, 0x96, 0xEB, 0x1C, 0x13, 0x32, 0x4E, 0x95, 0xF7, 0xC1, 
    0x0D, 0xC1, 0xEF, 0xEF, 0xFC, 0x33, 0xC8, 0x55, 0x4B, 0x0C, 0x7A, 0xCC, 
    0x92, 0xD8, 0xE8, 0x3B, 0xDD, 0xFC, 0x7E, 0x0D, 0xD2, 0xB6, 0x5B, 0x2E, 
    0xF4, 0x21, 0xDE, 0x0C, 0xB8, 0x27, 0xDA, 0x71, 0xB5, 0xD0, 0x72, 0xCE, 
    0x62, 0x25, 0xC9, 0x1D, 0x1B, 0x2C, 0x5B, 0x39, 0xEE, 0x8F, 0x90, 0xBA, 
    0x32, 0xD6, 0x2A, 0x23, 0x84, 0x7F, 0xC6, 0xD4, 0x84, 0x73, 0x05, 0xB6, 
    0x72, 0xE4, 0x7B, 0xBE, 0xA4, 0xEA, 0xF4, 0x4F, 0xCE, 0x4E, 0xA1, 0x21, 
    0xCF, 0x22, 0x89, 0xAE, 0xE4, 0x37, 0xA7, 0x1A, 0x05, 0x66, 0x01, 0x6D, 
    0xF6, 0xA5, 0xB9, 0x41, 0x17, 0x92, 0x39, 0x7F, 0x0C, 0xFA, 0xE1, 0x1F, 
    0x51, 0x01, 0x22, 0x6A, 0xCD, 0x2B, 0x12, 0x4B, 0xCF, 0x21, 0xAD, 0xB3, 
    0xD7, 0x61, 0xF4, 0xE8, 0x03, 0xCB, 0x8C, 0x66, 0x21, 0x49, 0x63, 0x94, 
    0xBA, 0x3E, 0x9C, 0x57, 0x91, 0xAD, 0xBF, 0x4F, 0x41, 0xFE, 0x38, 0xB4, 
    0x4A, 0x41, 0x22, 0xE2, 0x99, 0x1E, 0x0F, 0x75, 0x87, 0xA2, 0x5D, 0xC0, 
    0x79, 0x44, 0x64, 0x6B, 0x9F, 0x3B, 0x95, 0x65, 0x30, 0x06, 0x64, 0x0B, 
    0x31, 0xC4, 0x4C, 0x8F, 0xAC, 0x70, 0x80, 0x7D, 0x69, 0x93, 0xFB, 0x09, 
    0x04, 0x50, 0x2C, 0x83, 0x1C, 0x90, 0x63, 0x85, 0xE4, 0xEA, 0x2B, 0xCC, 
    0xDC, 0xBA, 0xE9, 0xA2, 0xFC, 0xDA, 0x61, 0x1B, 0x39, 0x10, 0xFE, 0xD6, 
    0xDA, 0x15, 0x9B, 0xA5, 0xE2, 0xE9, 0xFD, 0x95, 0x91, 0x33, 0x2F, 0xC7, 
    0x20, 0xA1, 0x83, 0xC4, 0x94, 0xA1, 0x6E, 0xC6, 0x3E, 0xDE, 0x58, 0x01, 
    0xD5, 0x8A, 0xD8, 0x91, 0x27, 0x55, 0x8A, 0x78, 0x58, 0x9B, 0x72, 0x5A, 
    0xB3, 0xD0, 0x7A, 0x81, 0x68, 0x57, 0x1A, 0x54, 0x92, 0x25, 0x3B, 0x8D, 
    0x05, 0x48, 0x66, 0x9E, 0x30, 0x2F, 0xA9, 0x8F, 0x84, 0x72, 0x50, 0xE9, 
    0x3B, 0x30, 0xE6, 0x9B, 0xE4, 0xCA, 0x0C, 0x77, 0x2C, 0x17, 0xAD, 0xBE, 
    0xAC, 0x5F, 0x0F, 0x34, 0x98, 0xFC, 0xA6, 0x63, 0x1C, 0x09, 0xA8, 0x05, 
    0x85, 0x2C, 0xAB, 0xCE, 0x75, 0x6A, 0xFF, 0x37, 0x1D, 0x14, 0xBA, 0xA6, 
    0x97, 0x47, 0xE6, 0xD6, 0x74, 0x76, 0x49, 0x1B, 0x0E, 0xE1, 0x20, 0x32, 
    0xC2, 0x18, 0x0A, 0x74, 0x86, 0xAE, 0x6E, 0x25, 0x4F, 0x59, 0x08, 0x1E, 
    0x4F, 0x97, 0x16, 0x45, 0xDF, 0xB4, 0xDE, 0x55, 0xFE, 0xCE, 0x84, 0x7E, 
    0xCC, 0xFA, 0x35, 0xE4, 0xEC, 0xBB, 0x37, 0xA9, 0x6B, 0xC9, 0x4A, 0x95, 
    0x77, 0x59, 0x00, 0x93, 0x0C, 0xA4, 0xAE, 0x39, 0x15, 0xB9, 0xA8, 0xCA, 
    0x2F, 0x15, 0x09, 0x2A, 0x41, 0xA5, 0x25, 0x77, 0x42, 0xD3, 0x84, 0x6D, 
    0x4D, 0x7D, 0x21, 0x3E, 0x4C, 0xCE, 0x92, 0x28, 0x15, 0x58, 0xA2, 0x71, 
    0x58, 0x6D, 0x57, 0xB1, 0x18, 0xA1, 0x99, 0x21, 0x4E, 0x17, 0x28, 0xE8, 
    0x1B, 0x94, 0x18, 0xF1, 0xC1, 0x38, 0x9C, 0x01, 0xFC, 0x58, 0x9E, 0x91, 
    0x86, 0x1D, 0xFA, 0xFB, 0x2E, 0xEB, 0xF1, 0xFA, 0x17, 0xC4, 0x4E, 0x20, 
    0x4A, 0x46, 0xF4, 0xC1, 0x5C, 0x98, 0x31, 0x57, 0xA4, 0x54, 0xE7, 0x36, 
    0x7F, 0xD2, 0xDB, 0x3F, 0xE2, 0x54, 0x15, 0x42, 0x6D, 0xC1, 0x95, 0xE7, 
    0x99, 0xEE, 0x63, 0xE1, 0xCD, 0x75, 0xAC, 0x3E, 0x77, 0xE5, 0x77, 0x87, 
    0xCD, 0xB4, 0xBE, 0x6F, 0xA8, 0x8B, 0xD2, 0x25, 0xA7, 0x7E, 0x0C, 0x78, 
    0x81, 0x96, 0x15, 0xE9, 0x2D, 0x91, 0x40, 0x12, 0x5C, 0xB5, 0xD6, 0x43, 
    0x3E, 0xE5, 0x97, 0xB9, 0xDE, 0x47, 0x8B, 0x8F, 0x9C, 0x46, 0x1C, 0x65, 
    0xE6, 0xAB, 0x2A, 0x5D, 0x00, 0x36, 0x79, 0x66, 0xE7, 0x95, 0xEF, 0xFF, 
    0x1A, 0xC8, 0xAF, 0xEA, 0xFB, 0x98, 0xA6, 0x70, 0x37, 0xDC, 0x39, 0x73, 
    0x46, 0x8A, 0x3E, 0x4B, 0x74, 0x89, 0xEC, 0x13, 0x11, 0x70, 0x79, 0x94, 
    0x95, 0x01, 0x4D, 0xD9, 0xBC, 0x30, 0xA6, 0xB0, 0x9E, 0xE7, 0x25, 0x98, 
    0x3E, 0x49, 0xCD, 0xEF, 0x7E, 0x91, 0x02, 0x5F, 0xFD, 0x01, 0x50, 0xFB, 
    0x31, 0x97, 0x7B, 0x93, 0xD0, 0x4D, 0xB2, 0x75, 0x0E, 0x1E, 0x06, 0x16, 
    0x8F, 0x36, 0x13, 0x82, 0x72, 0x22, 0x82, 0x8D, 0x0D, 0xD7, 0x28, 0x5F, 
    0x9E, 0xA5, 0x70, 0x61, 0x79, 0x10, 0xDE, 0xDB, 0xA7, 0x50, 0xF4, 0x6B, 
    0x0D, 0x4A, 0x4F, 0x7A, 0xE9, 0x9A, 0x7E, 0x9C, 0xCD, 0xB2, 0x47, 0x6C, 
    0x1F, 0xE3, 0x39, 0x79, 0xEF, 0xC0, 0x8B, 0x44, 0x96, 0x00, 0x3D, 0x4A, 
    0x2B, 0xD6, 0xB0, 0x16, 0xD6, 0xC5, 0xCA, 0x48, 0xF8, 0x41, 0xA4, 0xE5, 
    0xEA, 0xC9, 0x79, 0xEA, 0x7A, 0x20, 0xED, 0x64, 0x66, 0xEB, 0xB5, 0x8B, 
    0x49, 0xA1, 0x9A, 0xD4, 0x9E, 0x4C, 0xFC, 0x44, 0x4C, 0xA3, 0x66, 0x05, 
    0x32, 0x40, 0x03, 0x68, 0x78, 0xF3, 0x51, 0x80, 0x5D, 0x8A, 0xDA, 0x81, 
    0xCB, 0x36, 0xDC, 0xB0, 0xB9, 0x6B, 0x7F, 0x36, 0x1A, 0x37, 0x9A, 0x54, 
    0x5B, 0xD3, 0xBE, 0xDB, 0xFE, 0xF9, 0x41, 0x48, 0x5C, 0x65, 0xA3, 0xC5, 
    0x3A, 0x6E, 0x34, 0xEB, 0x7C, 0xEA, 0x67, 0x8E, 0x82, 0x0A, 0xE0, 0x80, 
    0xF5, 0x11, 0x53, 0x3A, 0x99, 0xBB, 0x01, 0xCD, 0xDF, 0x9A, 0x30, 0xC5, 
    0xDE, 0x0A, 0xCD, 0x91, 0x77, 0x27, 0x57, 0xC1, 0x18, 0x00, 0xAF, 0xE6, 
    0x53, 0xC1, 0xED, 0x69, 0xDA, 0xC6, 0xB8, 0x2D, 0xF5, 0x7A, 0xD7, 0x45, 
    0xCD, 0xC6, 0xDB, 0x56, 0xC9, 0x1B, 0x25, 0x1F, 0x7E, 0x66, 0x79, 0x72, 
    0xAC, 0x22, 0x15, 0x0C, 0xCA, 0xAD, 0x14, 0xBC, 0x43, 0xB3, 0xEB, 0xB0, 
    0xEE, 0xA6, 0x13, 0xA7, 0x4C, 0x79, 0x17, 0x0D, 0xF2, 0x0E, 0xE9, 0xC7, 
    0x4D, 0x19, 0xA6, 0x0E, 0xF9, 0xFE, 0x4F, 0xD0, 0x6F, 0xCE, 0x5F, 0x26, 
    0x2A, 0x97, 0x73, 0x56, 0xF5, 0x4D, 0xA6, 0x22, 0x33, 0x2A, 0xE3, 0xBC, 
    0x52, 0xFF, 0xCD, 0x19, 0xF9, 0x67, 0xE4, 0xCF, 0xA0, 0xCB, 0xBD, 0x0C, 
    0x57, 0xC7, 0xC6, 0x09, 0x11, 0x56, 0xDF, 0x3F, 0xF4, 0x66, 0x1B, 0x92, 
    0xBE, 0x3E, 0xEB, 0x95, 0x74, 0xC5, 0x06, 0x0D, 0xD9, 0x79, 0xDC, 0x9E, 
    0x30, 0x24, 0x24, 0xA1, 0xA5, 0x15, 0x63, 0x10, 0x0F, 0xE1, 0xC1, 0xB6, 
    0x08, 0x19, 0x64, 0xF6, 0x0D, 0x12, 0xE2, 0xF1, 0x7E, 0x41, 0xF6, 0xF6, 
    0x6B, 0x4D, 0x68, 0xEC, 0xD5, 0xBB, 0xBC, 0x3E, 0xDB, 0x6A, 0xCD, 0x43, 
    0x2B, 0x7F, 0xC8, 0xBA, 0x7C, 0x7B, 0xEE, 0x40, 0x2F, 0x3F, 0xE7, 0xBE, 
    0x55, 0x9B, 0x0B, 0x4E, 0x5E, 0x19, 0x87, 0x77, 0x49, 0x8E, 0xFD, 0xF1, 
    0x50, 0x8D, 0x52, 0x52, 0x0C, 0xAD, 0xF7, 0xCF, 0x81, 0xBB, 0x96, 0x8A, 
    0x4F, 0x3B, 0x4B, 0x09, 0x45, 0xEA, 0x67, 0xA0, 0x63, 0x5D, 0x8F, 0x5C, 
    0x20, 0x46, 0x4F, 0xEF, 0x6F, 0xB1, 0xD1, 0x2A, 0x0E, 0xF6, 0x51, 0x83, 
    0x09, 0x84, 0x07, 0x98, 0x6D, 0x7B, 0x73, 0x7B, 0x4C, 0x0C, 0x91, 0xDD, 
    0x6F, 0x9C, 0x6A, 0x09, 0x6E, 0x1C, 0xE0, 0xEC, 0x65, 0xD4, 0xCD, 0xE3, 
    0x00, 0xA6, 0x64, 0x85, 0xCA, 0xF1, 0x9F, 0x38, 0xDD, 0x34, 0x3E, 0x83, 
    0x2A, 0x68, 0x46, 0x66, 0x1F, 0x92, 0xFF, 0x9E, 0x8D, 0x19, 0x4E, 0xB2, 
    0xC3, 0xBC, 0x93, 0x2F, 0x17, 0x5B, 0xD7, 0x9B, 0x06, 0xE3, 0x73, 0xCD, 
    0x80, 0xDF, 0x7C, 0x67, 0xB4, 0x06, 0x0B, 0x10, 0x6D, 0x99, 0x64, 0x60, 
    0x8D, 0x30, 0xB4, 0xBF, 0xFF, 0x9E, 0xB8, 0x70, 0xD4, 0x26, 0xE4, 0xD5, 
    0xBC, 0xEB, 0x39, 0x85, 0x6A, 0xD2, 0x84, 0xDF, 0x16, 0x5E, 0x4E, 0xEE, 
    0x17, 0x0A, 0x47, 0xEB, 0xC6, 0xB7, 0x47, 0x1E, 0x26, 0x66, 0x7C, 0x4F, 
    0x8A, 0xD1, 0x19, 0x0D, 0x84, 0x62, 0x30, 0xFC, 0x3D, 0x9B, 0x74, 0xCF, 
    0xDC, 0xB6, 0xA5, 0x9A, 0x4E, 0x19, 0xD9, 0x04, 0xC8, 0x3E, 0xCF, 0xA0, 
    0xF9, 0xA0, 0x56, 0x71, 0xAB, 0x97, 0x89, 0x55, 0x76, 0x81, 0xEE, 0x9F, 
    0xCE, 0x68, 0x21, 0xD6, 0xB2, 0x31, 0x95, 0x5A, 0x77, 0xC8, 0x90, 0xAB, 
    0xCF, 0x31, 0x58, 0xAF, 0xF1, 0x2D, 0x10, 0xFE, 0x92, 0xAE, 0x12, 0x38, 
    0x58, 0xE7, 0x87, 0xFB, 0x9C, 0xE8, 0xDD, 0xEA, 0x5D, 0x7B, 0xCC, 0x8A, 
    0x7E, 0xCF, 0x4C, 0x5D, 0xA1, 0x61, 0x16, 0x58, 0x80, 0xBF, 0x12, 0x87, 
    0x37, 0x46, 0xDF, 0xB5, 0xB5, 0x4B, 0x1E, 0xAC, 0x8B, 0x59, 0xCC, 0x67, 
    0x6B, 0x36, 0xE4, 0x11, 0xE4, 0x16, 0x93, 0x81, 0xD4, 0xA6, 0x46, 0x06, 
    0x3E, 0x96, 0x77, 0x27, 0x88, 0x3F, 0xF9, 0x72, 0xB8, 0x59, 0x15, 0xD6, 
    0xF4, 0x1B, 0x30, 0x39, 0xEE, 0x94, 0xE9, 0x54, 0x79, 0xD8, 0x8C, 0x64, 
    0x05, 0x66, 0x61, 0xF7, 0xD9, 0x1C, 0x35, 0x4B, 0x2D, 0x2D, 0x01, 0xE4, 
    0x27, 0x38, 0x6D, 0x6F, 0x71, 0xE9, 0xF2, 0xCC, 0xCA, 0xBA, 0xB7, 0xD5, 
    0xA9, 0xF9, 0x1A, 0x7E, 0x29, 0x5B, 0x65, 0x25, 0xC6, 0x0E, 0xFF, 0x3A, 
    0x08, 0xF9, 0x10, 0x37, 0xAA, 0x89, 0x15, 0xBC, 0xED, 0x46, 0xAA, 0x68, 
    0x68, 0x51, 0xB9, 0x2A, 0xF9, 0x6D, 0x72, 0xF0, 0xA8, 0x6B, 0x67, 0x52, 
    0xE4, 0xC3, 0x39, 0x56, 0x7C, 0x31, 0xC8, 0xEB, 0x88, 0x8B, 0xAC, 0xB6, 
    0x71, 0x8C, 0x92, 0xA1, 0x00, 0x6C, 0x0F, 0x14, 0x48, 0xAE, 0x38, 0x06, 
    0xD2, 0x42, 0xE9, 0x08, 0x5B, 0x38, 0x5E, 0x15, 0xF1, 0xB9, 0x8C, 0x2A, 
    0x57, 0xFC, 0xEB, 0xA1, 0x83, 0x88, 0x65, 0x59, 0xCA, 0x01, 0xC9, 0x3E, 
    0x7F, 0x9C, 0xC1, 0x4D, 0xBC, 0xED, 0xA4, 0x09, 0x7F, 0x66, 0x82, 0x73, 
    0x76, 0xC3, 0x8E, 0x52, 0x7D, 0xD5, 0x85, 0x05, 0x04, 0x2B, 0xB3, 0x70, 
    0x4E, 0xE1, 0xCA, 0xAF, 0x57, 0xF4, 0x1B, 0x09, 0x4D, 0xA6, 0x83, 0x45, 
    0x3F, 0x4C, 0xA1, 0xC5, 0xE9, 0xC5, 0x80, 0x68, 0xF0, 0xEF, 0xEB, 0x22, 
    0xE7, 0xDD, 0x97, 0xB7, 0x90, 0x3D, 0xB4, 0x87, 0xBD, 0xC2, 0x3B, 0xE4, 
    0xDC, 0x1E, 0x48, 0xDE, 0x32, 0x22, 0x87, 0xDC, 0x79, 0x76, 0x33, 0x27, 
    0xBB, 0x81, 0xDA, 0xBE, 0xD2, 0x7C, 0xB1, 0x1C, 0xC4, 0xF7, 0x4B, 0x72, 
    0x6B, 0x67, 0xD9, 0x50, 0xD0, 0xE8, 0xA7, 0x84, 0xB3, 0xEF, 0x61, 0x36, 
    0xBA, 0xF2, 0xF0, 0xB8, 0x5D, 0x4B, 0xC9, 0xFD, 0x2B, 0x42, 0xC1, 0x9D, 
    0xA4, 0x45, 0xB8, 0x7F, 0x7F, 0x40, 0x0D, 0xA3, 0x11, 0x3F, 0x4A, 0x91, 
    0x55, 0x5A, 0x53, 0x0C, 0x61, 0xA3, 0xCB, 0xA7, 0xB6, 0x4F, 0x74, 0x45, 
    0x73, 0x9D, 0xD4, 0x2B, 0xF8, 0xAA, 0x31, 0x18, 0x92, 0x76, 0xEB, 0xDD, 
    0x79, 0x04, 0x13, 0x38, 0x32, 0x4C, 0x76, 0x8D, 0xB1, 0x83, 0xBE, 0xF8, 
    0x4B, 0x07, 0xF3, 0x4A, 0x66, 0x28, 0xA8, 0xDB, 0xB1, 0x4A, 0x1B, 0xC2, 
    0x4B, 0xC1, 0xB0, 0x18, 0xAB, 0x75, 0x75, 0xD1, 0x04, 0x95, 0x82, 0xA2, 
    0xF7, 0xFD, 0x4B, 0x3D, 0xC6, 0x85, 0x76, 0xFC, 0x10, 0xBB, 0x36, 0x86, 
    0x69, 0x0C, 0xDC, 0xF5, 0x5C, 0xA1, 0xE5, 0x24, 0xC5, 0x55, 0x4A, 0x29, 
    0x39, 0x02, 0x62, 0x99, 0x41, 0xA4, 0x4D, 0x24, 0xE6, 0x38, 0xC1, 0xB5, 
    0xFA, 0x09, 0xE8, 0x06, 0xA7, 0x73, 0xF8, 0x50, 0x7D, 0xBD, 0x60, 0x70, 
    0x1D, 0x5D, 0x01, 0x7C, 0xF4, 0xE7, 0x40, 0x7C, 0x07, 0xC1, 0x08, 0x4C, 
    0xC1, 0xD0, 0x57, 0xF5, 0x60, 0xEC, 0xEE, 0x36, 0x94, 0x09, 0x1E, 0x3A, 
    0xDF, 0x2D, 0x90, 0xC1, 0x6E, 0x0D, 0xDF, 0x2D, 0x25, 0x97, 0x7B, 0x69, 
    0x3D, 0x9F, 0x90, 0x8D, 0x62, 0x4A, 0x12, 0xCB, 0x66, 0x9B, 0x05, 0xC1, 
    0xE9, 0x97, 0x58, 0x5A, 0x43, 0xFE, 0x1D, 0x92, 0xB0, 0x05, 0x9E, 0x76, 
    0x3F, 0x8C, 0xC8, 0x63, 0x7B, 0xCF, 0xB3, 0x7A, 0x70, 0xC0, 0x9E, 0x48, 
    0x14, 0x29, 0x1D, 0xB0, 0x04, 0x19, 0x71, 0x15, 0x67, 0x11, 0xD9, 0x85, 
    0xF7, 0x6D, 0x62, 0x0E, 0x72, 0xE4, 0xF7, 0x31, 0xCE, 0x8B, 0x4E, 0xB7, 
    0x3C, 0x92, 0x2B, 0xB7, 0x19, 0x72, 0x97, 0x71, 0xFF, 0x0A, 0x93, 0xAC, 
    0x59, 0xC3, 0x8D, 0xAA, 0xAC, 0x51, 0x45, 0x19, 0x49, 0xD3, 0x77, 0xDF, 
    0x1A, 0x95, 0x49, 0x9E, 0x1F, 0xD9, 0x5C, 0x13, 0xF9, 0x34, 0x77, 0xEE, 
    0x15, 0x43, 0x1C, 0xA0, 0xCD, 0xE3, 0x51, 0xB3, 0x96, 0xDB, 0x98, 0xF0, 
    0xE8, 0x6E, 0x01, 0x7C, 0x29, 0xD5, 0x62, 0x19, 0x3E, 0x21, 0xF7, 0x27, 
    0x14, 0xB3, 0xAD, 0x49, 0x78, 0x7B, 0x50, 0x84, 0xDE, 0x08, 0x4C, 0x08, 
    0x6D, 0xD7, 0xBE, 0x48, 0x57, 0xC8, 0x4E, 0x15, 0x14, 0x46, 0x56, 0x11, 
    0xE0, 0x1A, 0xC1, 0xA8, 0x5F, 0xEB, 0x12, 0x5F, 0xDE, 0x52, 0x0C, 0x7B, 
    0x12, 0x63, 0xFF, 0x84, 0xC0, 0x0A, 0xC7, 0x2E, 0x57, 0x24, 0xFE, 0x9B, 
    0x97, 0x6B, 0xB2, 0xC4, 0xB3, 0xA2, 0x0F, 0x5C, 0xA1, 0xED, 0x8E, 0x84, 
    0x66, 0xF2, 0x3E, 0x5A, 0x35, 0x74, 0x5D, 0xB1, 0x46, 0x35, 0x96, 0x6E, 
    0x0A, 0x46, 0xD5, 0x75, 0x1D, 0x0C, 0xAE, 0x21, 0xB2, 0x4B, 0x54, 0xA7, 
    0x59, 0xB4, 0x67, 0x0A, 0x1F, 0x9B, 0x4B, 0x35, 0x20, 0xC8, 0xB3, 0x5C, 
    0x16, 0xB1, 0x29, 0x48, 0x48, 0x61, 0x01, 0x98, 0x6E, 0xEF, 0x14, 0xCF, 
    0x59, 0x5A, 0xA6, 0xA0, 0x27, 0x4C, 0x9F, 0x20, 0xA6, 0x88, 0x74, 0x85, 
    0x88, 0x12, 0xE5, 0xBA, 0xE2, 0x69, 0x77, 0x1D, 0x6B, 0x02, 0xCD, 0x28, 
    0xD1, 0xC5, 0x7C, 0x9D, 0xB6, 0x56, 0xCF, 0x29, 0x68, 0x54, 0xD4, 0x8A, 
    0xB5, 0x20, 0x98, 0xFB, 0x61, 0xEA, 0x65, 0x4D, 0xCE, 0xE4, 0xB2, 0xCE, 
    0xD5, 0xDE, 0xBE, 0x5D, 0xF0, 0xBB, 0x15, 0xFA, 0x69, 0xA6, 0xB7, 0x30, 
    0x46, 0x6E, 0xE4, 0x82, 0xF1, 0xDF, 0xCC, 0xF1, 0xED, 0x5F, 0xA8, 0x3A, 
    0x95, 0x4A, 0x49, 0x5C, 0xF5, 0x32, 0x04, 0xB2, 0x66, 0x5E, 0xCA, 0x21, 
    0x0E, 0x8C, 0x01, 0x8A, 0xE1, 0xB2, 0x68, 0x2E, 0xF5, 0xFC, 0x3C, 0xAF, 
    0x73, 0xFC, 0x0D, 0x9D, 0xBD, 0x04, 0xBB, 0x32, 0x2A, 0xD4, 0x6A, 0x23, 
    0x4C, 0xDD, 0x18, 0xB7, 0x85, 0xE7, 0x03, 0xF9, 0x1B, 0xA1, 0x1C, 0x92, 
    0xAC, 0x41, 0x15, 0x9E, 0xCB, 0x94, 0xC1, 0xAF, 0x0A, 0xB2, 0xDC, 0x13, 
    0x56, 0x81, 0x68, 0x34, 0xEA, 0x35, 0x3A, 0xCD, 0xF2, 0xD5, 0x0D, 0x07, 
    0x62, 0x3C, 0x3E, 0xB8, 0x88, 0x6A, 0x05, 0xB0, 0x64, 0x33, 0x44, 0x63, 
    0xCD, 0xA5, 0x89, 0xD6, 0x73, 0xC5, 0xBB, 0x4D, 0x77, 0x7F, 0x4A, 0xA4, 
    0xD4, 0x13, 0x77, 0xCF, 0xCC, 0xBC, 0xA1, 0x6C, 0x80, 0x70, 0x7E, 0xBE, 
    0x1E, 0x2E, 0x2A, 0x17, 0x29, 0x08, 0x91, 0x8D, 0x04, 0xBE, 0xCC, 0x08, 
    0x91, 0x31, 0x08, 0x5A, 0xE9, 0x3C, 0xE2, 0xA5, 0x8B, 0x10, 0x5E, 0xFC, 
    0xD2, 0xF2, 0xA7, 0xBF, 0x9E, 0xA7, 0xF1, 0x34, 0xB1, 0x1F, 0x32, 0x89, 
    0x47, 0x9C, 0x20, 0x74, 0x7B, 0x3C, 0xD3, 0xC6, 0x0A, 0xF3, 0xCE, 0x50, 
    0x45, 0x11, 0x0F, 0x93, 0xE2, 0x04, 0x30, 0xC1, 0x92, 0x2F, 0x85, 0xE9, 
    0xF0, 0x7E, 0x2A, 0x3D, 0x7C, 0x26, 0xB3, 0x6D, 0x3F, 0x0E, 0x03, 0xBB, 
    0xDE, 0x0C, 0xAF, 0x43, 0x13, 0x31, 0xEF, 0xF3, 0xE9, 0x23, 0x7A, 0x05, 
    0xEF, 0xF2, 0x3A, 0x9F, 0xC8, 0x11, 0x96, 0x70, 0x4B, 0x68, 0xBB, 0xD9, 
    0xDC, 0x52, 0x23, 0xE2, 0x44, 0xFC, 0x24, 0x7D, 0x56, 0x89, 0x64, 0x91, 
    0x09, 0x12, 0x81, 0x3D, 0x3E, 0xA6, 0xCB, 0xED, 0xF1, 0x3F, 0xAD, 0x61, 
    0xC9, 0xD5, 0x4B, 0x08, 0xFC, 0xEC, 0x13, 0x5C, 0x92, 0x7C, 0xBD, 0xD3, 
    0x35, 0xBA, 0xCD, 0x41, 0x0B, 0xED, 0x49, 0x17, 0x7F, 0x2F, 0x58, 0xB1, 
    0x67, 0xEE, 0x50, 0x92, 0x02, 0x39, 0xC6, 0x1E, 0xF0, 0x00, 0x56, 0x33, 
    0xEB, 0xF8, 0x72, 0x04, 0x36, 0xCB, 0xE9, 0xBD, 0x3C, 0x9C, 0xA8, 0x11, 
    0x52, 0x75, 0x6A, 0xEE, 0x87, 0x33, 0xEC, 0xD6, 0x11, 0x57, 0xA1, 0xFA, 
    0x21, 0x38, 0x69, 0x8E, 0xD4, 0xC3, 0x3D, 0x3B, 0xCE, 0x7B, 0x34, 0x55, 
    0x21, 0xCC, 0xEA, 0xB9, 0x1F, 0xF4, 0x7C, 0xD8, 0xB5, 0xF9, 0x71, 0xF8, 
    0x62, 0x84, 0xF6, 0x86, 0x34, 0x20, 0xCF, 0xEE, 0xFA, 0x84, 0x04, 0x99, 
    0x09, 0x6E, 0x0C, 0xA9, 0x5E, 0xFA, 0xEE, 0xBA, 0x0E, 0x00, 0x1B, 0x0F, 
    0xF4, 0xB2, 0xC0, 0x71, 0x38, 0xD6, 0x96, 0x1A, 0x76, 0x8E, 0x63, 0x7C, 
    0x6B, 0x26, 0xA1, 0xD4, 0x2C, 0x5F, 0xE8, 0xA1, 0x2A, 0xFF, 0xDC, 0xC7, 
    0x54, 0x8A, 0x75, 0x78, 0x6F, 0x66, 0x79, 0x8B, 0x1B, 0xED, 0xA6, 0x68, 
    0x2A, 0x92, 0xA5, 0x2A, 0xC7, 0x3D, 0x69, 0x71, 0x0A, 0x5F, 0x56, 0x28, 
    0x95, 0xD5, 0x1E, 0xBA, 0x27, 0x38, 0xD2, 0x07, 0x30, 0xC6, 0x3C, 0xF1, 
    0x21, 0x5C, 0x99, 0x6C, 0x3C, 0xBF, 0xBA, 0xE7, 0x6A, 0x21, 0x1A, 0x1B, 
    0xE9, 0x91, 0x18, 0x08, 0x9C, 0xD2, 0x23, 0xE8, 0x45, 0xE9, 0xF5, 0xFB, 
    0x48, 0xFC, 0xBD, 0x3F, 0xE3, 0x7F, 0xF0, 0xAB, 0xDE, 0x32, 0xCF, 0xB5, 
    0xAD, 0x0F, 0x37, 0xDB, 0x61, 0x33, 0xF4, 0xC4, 0xB7, 0x8E, 0x76, 0xBA, 
    0x39, 0x36, 0x1C, 0xC6, 0xD4, 0xD4, 0x2E, 0x70, 0x09, 0x1B, 0x63, 0xE8, 
    0xA2, 0x1B, 0xDC, 0xAA, 0xD3, 0x08, 0x45, 0x54, 0x76, 0xF1, 0xA8, 0x0E, 
    0x88, 0x68, 0xB4, 0xEE, 0x2E, 0xF0, 0x4D, 0x98, 0x96, 0x7E, 0x50, 0x33, 
    0x09, 0x39, 0x23, 0xBF, 0xF3, 0x02, 0x3B, 0xA3, 0x1B, 0xA7, 0x5F, 0x1D, 
    0xC8, 0x6B, 0xAC, 0x65, 0x38, 0xC4, 0x69, 0xC1, 0xA4, 0xA2, 0x26, 0x44, 
    0x22, 0x76, 0x39, 0x8F, 0x01, 0xDD, 0x09, 0xB8, 0x92, 0x33, 0xA6, 0x50, 
    0xFF, 0xD4, 0xC4, 0x30, 0xD3, 0xEA, 0xAA, 0x41, 0xB8, 0xDA, 0xE0, 0x35, 
    0x40, 0x6A, 0x07, 0xF7, 0x94, 0xDF, 0xE8, 0xCC, 0xF6, 0x4B, 0x34, 0xAE, 
    0xFE, 0x07, 0xCB, 0x08, 0x5C, 0xCE, 0x2D, 0xEA, 0x8C, 0x49, 0x8A, 0x91, 
    0xF3, 0xD5, 0x68, 0x1F, 0x81, 0xF3, 0xB7, 0xAF, 0xF9, 0xEA, 0xD7, 0x26, 
    0x49, 0x89, 0x86, 0x55, 0xD9, 0x4D, 0xC7, 0x56, 0x42, 0xFF, 0x38, 0xE4, 
    0x9D, 0x2E, 0xC7, 0x5F, 0x7A, 0x88, 0xA4, 0x36, 0x02, 0x2E, 0x0B, 0x00, 
    0xAB, 0xDD, 0x56, 0xCE, 0x5B, 0x08, 0xD9, 0xFC, 0x2C, 0x90, 0x2F, 0xEF, 
    0x35, 0xF0, 0x6E, 0x1D, 0x94, 0x7D, 0x26, 0xD3, 0xBA, 0xCE, 0xD2, 0xE5, 
    0xF9, 0xF4, 0x8E, 0xCE, 0xAB, 0x30, 0x4D, 0x4C, 0x43, 0xAF, 0x66, 0xEC, 
    0xD4, 0xCC, 0x21, 0xF0, 0xFE, 0xB4, 0x37, 0x01, 0x6A, 0x0C, 0x9C, 0xF5, 
    0xB1, 0xB6, 0x10, 0x60, 0x81, 0x52, 0xBA, 0x49, 0xD4, 0xA3, 0x76, 0x3F, 
    0x12, 0xF6, 0xE6, 0x42, 0xDC, 0xB4, 0xDC, 0xBB, 0xAC, 0x68, 0x8D, 0x33, 
    0xCD, 0xF6, 0x34, 0x34, 0x1C, 0x9B, 0xAD, 0x9E, 0x41, 0x15, 0xA6, 0xD1, 
    0x61, 0x94, 0xA9, 0xA3, 0x4D, 0xE4, 0x21, 0x9B, 0x0A, 0x34, 0xB4, 0x51, 
    0x88, 0xB2, 0x5B, 0xDA, 0xEC, 0x50, 0x49, 0x4F, 0xE5, 0x98, 0x33, 0x05, 
    0x87, 0xE4, 0x07, 0x80, 0xC9, 0x87, 0xE8, 0x6D, 0xE4, 0x29, 0x97, 0x44, 
    0x15, 0xBD, 0x2D, 0x47, 0x77, 0xA5, 0x53, 0xF1, 0x66, 0x71, 0xCE, 0x62, 
    0x01, 0xE3, 0x9C, 0xA8, 0x60, 0x05, 0x79, 0x65, 0x29, 0x84, 0xDD, 0xCC, 
    0x5B, 0x07, 0x81, 0xC5, 0x54, 0xD7, 0x29, 0xAC, 0x19, 0xCF, 0x99, 0xE3, 
    0x33, 0xB5, 0xD1, 0xCD, 0xA6, 0x89, 0xAC, 0xA3, 0x32, 0xDE, 0xA8, 0xD4, 
    0x5E, 0x97, 0x55, 0x17, 0xD8, 0x17, 0xCE, 0x60, 0xAF, 0xF2, 0x8D, 0xEB, 
    0xDE, 0x25, 0x75, 0xF4, 0xE1, 0x6A, 0xA6, 0x71, 0x01, 0x79, 0xA7, 0xD3, 
    0x81, 0x01, 0x22, 0xB8, 0x38, 0xA5, 0x0F, 0xC5, 0x20, 0x85, 0x84, 0xFB, 
    0x51, 0x16, 0xE3, 0xBB, 0x6B, 0xA7, 0x2A, 0x18, 0x7C, 0x55, 0x16, 0xAB, 
    0xE5, 0x59, 0x72, 0x26, 0xCB, 0x8E, 0xCB, 0xE3, 0xAF, 0x59, 0xFC, 0x1E, 
    0x89, 0xB8, 0xB2, 0x19, 0xE2, 0xE8, 0x1E, 0xF1, 0xF4, 0x2A, 0x93, 0x75, 
    0x37, 0x0D, 0x8D, 0x37, 0x59, 0xBE, 0x7D, 0xF3, 0x15, 0x11, 0x4D, 0x09, 
    0x63, 0x8B, 0xAC, 0x52, 0x5E, 0x17, 0xEC, 0x12, 0x64, 0xF3, 0x13, 0x3F, 
    0xD9, 0xE2, 0x29, 0x58, 0x7F, 0xFD, 0xD8, 0x89, 0xA0, 0x10, 0xAD, 0xD5, 
    0x1B, 0x59, 0xB8, 0x13, 0x5D, 0x21, 0xD3, 0x12, 0xFB, 0x4F, 0x7C, 0x24, 
    0x39, 0xC5, 0xDB, 0xE9, 0x1C, 0xB3, 0xD9, 0x3F, 0x86, 0x90, 0x15, 0xBF, 
    0xF3, 0xEC, 0xB6, 0xCD, 0x8D, 0xF6, 0xF6, 0xC4, 0x57, 0x33, 0x0F, 0xD1, 
    0x27, 0x60, 0x9B, 0x05, 0x26, 0xB8, 0xD0, 0x7A, 0xEF, 0xAF, 0x62, 0xEE, 
    0xE7, 0x99, 0x29, 0x70, 0x2B, 0x78, 0xB0, 0x49, 0x0B, 0xC9, 0xFE, 0x5F, 
    0x68, 0xA9, 0xCA, 0xA3, 0x75, 0x76, 0xE5, 0x01, 0x13, 0x7C, 0xEB, 0x74, 
    0x1E, 0xBD, 0x53, 0x5C, 0xE3, 0xD5, 0x7F, 0x5A, 0xC9, 0x5A, 0x0B, 0xE2, 
    0x94, 0x3C, 0xA9, 0x52, 0x00, 0x6F, 0x0C, 0xEF, 0x94, 0x73, 0x65, 0x48, 
    0xAB, 0x7F, 0xC1, 0x77, 0xCE, 0x3F, 0xC3, 0xD5, 0x7E, 0x58, 0x27, 0xD4, 
    0x1F, 0xE3, 0xE9, 0x44, 0x50, 0x37, 0x60, 0x9F, 0xAD, 0x02, 0x69, 0x58, 
    0xA7, 0x2F, 0x84, 0x27, 0xCE, 0x34, 0x8B, 0xDD, 0x1E, 0x68, 0x18, 0xBE, 
    0xC5, 0x7B, 0x11, 0x62, 0x32, 0xC6, 0xA4, 0xBC, 0x51, 0x16, 0xC7, 0x9C, 
    0x54, 0x6E, 0x98, 0xAB, 0x80, 0xA0, 0x09, 0x18, 0x12, 0x1B, 0xFE, 0x12, 
    0x25, 0x58, 0x77, 0xA2, 0x31, 0x3A, 0x96, 0x5E, 0x62, 0xC6, 0xF7, 0x80, 
    0x44, 0xA9, 0x4B, 0x76, 0xC9, 0x80, 0x87, 0xBC, 0x6C, 0xD1, 0x9B, 0x6B, 
    0xDF, 0xD9, 0x23, 0xB8, 0x6F, 0x78, 0x26, 0xB6, 0xF4, 0x8F, 0xD8, 0xB9, 
    0xDD, 0x4C, 0xD5, 0xBE, 0x25, 0x26, 0x68, 0x77, 0xF1, 0x33, 0x61, 0x13, 
    0xBF, 0x5A, 0xE9, 0xE9, 0xEB, 0xF1, 0xDE, 0xF2, 0x31, 0xC7, 0xBE, 0x77, 
    0xCF, 0x64, 0x4A, 0x74, 0x33, 0xF3, 0x87, 0xAA, 0x48, 0x73, 0xEC, 0xC1, 
    0xBE, 0x22, 0xF9, 0x11, 0x01, 0x2C, 0xBD, 0xE3, 0x87, 0xD3, 0xC4, 0x05, 
    0x9D, 0x17, 0x0A, 0x7C, 0x3B, 0x85, 0xB4, 0x55, 0x12, 0x65, 0x68, 0x88, 
    0x31, 0xAA, 0x61, 0xF1, 0x57, 0x69, 0x3E, 0xAE, 0xBF, 0xC0, 0x14, 0xB3, 
    0xCE, 0x05, 0xA6, 0x07, 0xEA, 0x96, 0x68, 0x50, 0x83, 0x6F, 0xD0, 0x69, 
    0xF3, 0xF8, 0xBF, 0xEC, 0x68, 0xFB, 0x97, 0x3D, 0x6D, 0x31, 0xAD, 0x33, 
    0xC4, 0x05, 0x72, 0x75, 0xF9, 0xC8, 0xA1, 0x1A, 0xFF, 0x42, 0xFF, 0x7A, 
    0x3D, 0x5F, 0xDB, 0xF4, 0x02, 0x26, 0xFA, 0x49, 0xB8, 0x81, 0xA6, 0x0A, 
    0x6B, 0x6D, 0xBA, 0xA3, 0xAF, 0x4F, 0x0B, 0xD7, 0x46, 0xA1, 0x93, 0x1C, 
    0xF5, 0x07, 0xA2, 0xCC, 0x38, 0x95, 0xEB, 0xF3, 0x52, 0x35, 0xFA, 0x58, 
    0xD2, 0x95, 0x8A, 0xCE, 0xDC, 0xA2, 0xFF, 0x0A, 0xC1, 0x1C, 0xF4, 0x8E, 
    0x75, 0x77, 0x1D, 0x1D, 0xF0, 0x8B, 0x18, 0x76, 0xD8, 0xCF, 0x57, 0x9B, 
    0xE9, 0x66, 0x12, 0x3A, 0x3F, 0x60, 0xEF, 0x43, 0xB8, 0xE5, 0x31, 0x09, 
    0x09, 0x30, 0xE4, 0xF7, 0xFA, 0xCD, 0x37, 0x32, 0x6E, 0xCF, 0x24, 0xBE, 
    0x2F, 0x59, 0x99, 0x5C, 0xB1, 0xD2, 0xE9, 0x59, 0x31, 0x76, 0x7B, 0x85, 
    0xCF, 0x0C, 0x29, 0x9B, 0x50, 0xBE, 0xA2, 0xD7, 0x3E, 0x84, 0xC5, 0x54, 
    0xCF, 0x0E, 0x36, 0xAF, 0x49, 0x1E, 0x3A, 0x46, 0x68, 0x1A, 0x47, 0xD4, 
    0xF9, 0xFA, 0x47, 0x7E, 0xC2, 0xD0, 0xA8, 0x8B, 0x7C, 0xB8, 0xD9, 0x97, 
    0x1D, 0x16, 0x32, 0x0C, 0xA4, 0xDB, 0xA1, 0x4A, 0x83, 0x73, 0xD4, 0xC6, 
    0xBC, 0xB3, 0xB4, 0x91, 0x11, 0x5E, 0xE5, 0x40, 0x96, 0x54, 0x5D, 0x7D, 
    0xB9, 0x20, 0x19, 0x67, 0x56, 0x6E, 0x49, 0xFC, 0xD6, 0x84, 0xF0, 0x14, 
    0xD0, 0x27, 0xDB, 0xE7, 0x9C, 0x74, 0x83, 0xD3, 0xBE, 0xA7, 0xE3, 0x16, 
    0x80, 0x9D, 0x4F, 0x55, 0xA4, 0x01, 0xAD, 0x97, 0x4E, 0x62, 0xAF, 0x6B, 
    0x66, 0xA1, 0x6E, 0xCD, 0x6B, 0x35, 0xDD, 0x14, 0xB3, 0x50, 0x6C, 0x37, 
    0xF2, 0xBA, 0x6C, 0xA1, 0xEC, 0xBB, 0x8D, 0x07, 0xE2, 0xC4, 0x85, 0x5F, 
    0xA6, 0xA0, 0x30, 0x23, 0x55, 0x69, 0xEE, 0xB2, 0x1C, 0x62, 0x35, 0x91, 
    0xD8, 0x05, 0x17, 0x5F, 0xC6, 0x48, 0x1F, 0x9B, 0xA7, 0x19, 0x2A, 0xD6, 
    0xBC, 0x4C, 0x34, 0xD9, 0x48, 0xFA, 0x2D, 0xA5, 0xF7, 0x12, 0xB6, 0xC7, 
    0x72, 0x13, 0x5B, 0xFB, 0xE7, 0xF9, 0x92, 0xC1, 0xC0, 0xC3, 0x95, 0x52, 
    0x7E, 0x7A, 0x95, 0x00, 0x84, 0xE7, 0x2E, 0x0D, 0xB4, 0x23, 0x47, 0xE3, 
    0x84, 0x37, 0x6B, 0xC6, 0x2E, 0xEC, 0xC6, 0x52, 0x5D, 0xC9, 0xC5, 0x9D, 
    0x07, 0x16, 0x46, 0xC9, 0x31, 0x51, 0xFB, 0x8B, 0x2C, 0xA9, 0x73, 0x26, 
    0xBF, 0xA4, 0x51, 0x74, 0x53, 0x7C, 0xF7, 0xCF, 0xD5, 0x0F, 0xF9, 0xD3, 
    0x81, 0x4A, 0x4E, 0x61, 0xCD, 0xCF, 0xB0, 0x39, 0xBF, 0x98, 0x4A, 0xF6, 
    0xB7, 0xBF, 0x13, 0x44, 0x2C, 0x4A, 0x3A, 0x50, 0x75, 0xAE, 0x7E, 0xF6, 
    0xCA, 0xC1, 0xED, 0x2F, 0x37, 0xBD, 0x45, 0xE1, 0xE6, 0xE8, 0xAC, 0xE8, 
    0xBC, 0x89, 0xE3, 0xF7, 0x35, 0x02, 0xD2, 0xD7, 0x65, 0x8F, 0x69, 0x51, 
    0x9A, 0x3D, 0x09, 0xC2, 0xBC, 0xCC, 0xF8, 0x6F, 0xBB, 0x82, 0x38, 0xD7, 
    0x22, 0xB8, 0x9E, 0xFA, 0x58, 0x58, 0x44, 0xC1, 0x16, 0xB0, 0xF7, 0x74, 
    0xEE, 0xEA, 0x8E, 0xC2, 0x41, 0x62, 0xB0, 0x24, 0x86, 0x5B, 0x98, 0x28, 
    0xC0, 0x03, 0x30, 0xF1, 0x1A, 0x5B, 0x48, 0x4B, 0x3F, 0x70, 0x13, 0xF5, 
    0x8C, 0x00, 0xD2, 0xE2, 0x28, 0xE7, 0x2A, 0x3D, 0xB2, 0x60, 0x4F, 0x46, 
    0xF3, 0x34, 0x5F, 0x84, 0xC1, 0xD8, 0x7D, 0x26, 0x44, 0x9A, 0x82, 0xE1, 
    0x37, 0x46, 0xA8, 0xE7, 0x67, 0x1D, 0xF2, 0xE9, 0xAE, 0x1F, 0xF1, 0x98, 
    0x93, 0x85, 0x3F, 0x19, 0x3F, 0xA3, 0x27, 0xBC, 0xCE, 0x76, 0x33, 0xDB, 
    0xB6, 0x08, 0xAF, 0x8D, 0xD8, 0x41, 0xF2, 0xB1, 0x3A, 0xC3, 0xA1, 0x4A, 
    0x1E, 0x5A, 0xBA, 0x21, 0x68, 0x82, 0x6C, 0xF4, 0xD9, 0xC7, 0xF0, 0x7E, 
    0x9D, 0x44, 0x0E, 0xF4, 0x08, 0x08, 0xD4, 0x69, 0x6F, 0xF6, 0x13, 0x1E, 
    0xF0, 0x3A, 0x72, 0xBA, 0x82, 0xBD, 0x03, 0x15, 0x3D, 0x1B, 0x25, 0x2C, 
    0xED, 0xCD, 0xA8, 0x89, 0xD4, 0x64, 0x5F, 0x23, 0xEE, 0x5A, 0xBC, 0xEC, 
    0x42, 0x44, 0x71, 0xAD, 0x25, 0xDC, 0xD9, 0x6F, 0xC7, 0x17, 0x73, 0xF1, 
    0x30, 0x69, 0x90, 0x1D, 0xB4, 0x91, 0x3A, 0xB7, 0x69, 0x21, 0x19, 0xC4, 
    0x29, 0x10, 0x96, 0x79, 0xC1, 0x16, 0x76, 0x7F, 0x8B, 0xE7, 0xDF, 0xCF, 
    0x03, 0xE5, 0x54, 0xC3, 0x2C, 0x0D, 0xD1, 0xB7, 0xB2, 0x6C, 0xBA, 0x29, 
    0x10, 0x02, 0x7C, 0x7D, 0x2D, 0x98, 0x93, 0x7A, 0x9B, 0x10, 0x14, 0xA2, 
    0x26, 0xC3, 0x5E, 0x83, 0x0B, 0x9D, 0x49, 0x96, 0x7F, 0x02, 0xBF, 0x5C, 
    0xAB, 0x7E, 0x44, 0xF2, 0x02, 0xCA, 0x9F, 0xBD, 0x88, 0x37, 0x20, 0x21, 
    0xDF, 0xF4, 0x64, 0x7C, 0xA9, 0x22, 0x78, 0xEB, 0x62, 0x94, 0xF2, 0x36, 
    0x3A, 0x5E, 0xFF, 0x55, 0xA0, 0x83, 0xF5, 0x7A, 0x24, 0x41, 0xB8, 0xD0, 
    0x0C, 0xA6, 0x53, 0x22, 0x75, 0x75, 0xA7, 0x21, 0x67, 0x3E, 0x92, 0xF3, 
    0x9A, 0x88, 0xA6, 0x04, 0xF5, 0xDE, 0xD2, 0xB1, 0x30, 0x73, 0x2D, 0x29, 
    0x44, 0x9C, 0xA0, 0xD3, 0x9E, 0xA9, 0x14, 0x4B, 0x56, 0x3D, 0xBE, 0x42, 
    0x5E, 0x3C, 0x63, 0x3E, 0xB4, 0xBD, 0x2E, 0xA0, 0x36, 0xB6, 0x33, 0x4B, 
    0x19, 0xAC, 0x71, 0xF1, 0x9A, 0xDF, 0xCD, 0xA5, 0x6E, 0xC8, 0xF5, 0xB2, 
    0x42, 0x14, 0x1F, 0xD8, 0xED, 0x82, 0x12, 0xC9, 0x9D, 0xE0, 0x6D, 0xF3, 
    0xCC, 0xEE, 0x68, 0x91, 0xFE, 0x8E, 0x37, 0x57, 0xCF, 0x69, 0xE6, 0x27, 
    0xDA, 0xA0, 0xB9, 0x2F, 0xBD, 0x3C, 0x68, 0xDD, 0xDD, 0x7D, 0x06, 0x28, 
    0x05, 0x22, 0xB1, 0xA2, 0xE4, 0x29, 0x7A, 0x41, 0xF8, 0xF1, 0x1B, 0x72, 
    0x19, 0xCA, 0x4D, 0x05, 0x15, 0xFE, 0xF1, 0x8B, 0x4B, 0x28, 0x25, 0x83, 
    0x2F, 0x69, 0x15, 0x51, 0xA3, 0x53, 0x2E, 0x84, 0x19, 0x48, 0x0C, 0x5B, 
    0x94, 0x6A, 0x53, 0xB6, 0x1D, 0x99, 0x72, 0xC9, 0x78, 0x70, 0x60, 0xEC, 
    0x1B, 0xAB, 0xF5, 0x3C, 0xDF, 0x11, 0x0E, 0x64, 0xB5, 0x8E, 0xC5, 0x29, 
    0xAE, 0x93, 0x0B, 0xC9, 0x12, 0x36, 0xB4, 0xA1, 0x63, 0x50, 0x5C, 0x0F, 
    0x24, 0xE6, 0xE7, 0x58, 0x82, 0x96, 0xA7, 0xA2, 0x59, 0xB4, 0x02, 0x76, 
    0x3F, 0x7B, 0x01, 0x1D, 0x9F, 0x01, 0xA5, 0x16, 0xE4, 0x8C, 0xAC, 0xA4, 
    0x92, 0xE2, 0xF1, 0xFF, 0xAC, 0x08, 0x28, 0xAA, 0x36, 0xB7, 0xB2, 0xBA, 
    0xCC, 0xE7, 0xC2, 0x41, 0x22, 0x5C, 0x92, 0x0B, 0x47, 0x68, 0x2D, 0x38, 
    0x4F, 0x93, 0x47, 0x98, 0xD0, 0xDE, 0xC2, 0xCB, 0x0B, 0x3A, 0x72, 0x8C, 
    0xC5, 0xDF, 0x54, 0x68, 0xA5, 0xD4, 0xA4, 0xB5, 0x0A, 0xE7, 0x03, 0x99, 
    0x3D, 0x3B, 0x94, 0x96, 0xFE, 0xDF, 0x3D, 0x8B, 0x06, 0x9F, 0x3E, 0xBF, 
    0x6A, 0xDB, 0x50, 0xBA, 0x38, 0x2D, 0xBA, 0x71, 0xA9, 0xB6, 0xCE, 0xFE, 
    0x80, 0x46, 0xE2, 0x53, 0x10, 0x19, 0x3D, 0x52, 0xB8, 0x5B, 0x35, 0x2C, 
    0x27, 0x38, 0x5A, 0xA3, 0x5D, 0xA7, 0xCE, 0x63, 0xFC, 0x27, 0x1B, 0x37, 
    0x1E, 0x5D, 0x7C, 0x3F, 0xF4, 0xE0, 0x77, 0x0D, 0xAD, 0xBE, 0x55, 0xEE, 
    0x52, 0xDE, 0x08, 0x96, 0x32, 0xAA, 0x63, 0x81, 0x02, 0x30, 0x17, 0xDC, 
    0x9F, 0xB5, 0xDC, 0x17, 0x9D, 0x21, 0x4F, 0xC6, 0x7F, 0x60, 0xF2, 0xC1, 
    0x64, 0xB0, 0xD5, 0xB5, 0x06, 0xB5, 0xEF, 0xB5, 0xAA, 0xBD, 0x52, 0xAB, 
    0xFF, 0x0B, 0x9F, 0x23, 0x9B, 0x7E, 0x50, 0x42, 0x16, 0x1B, 0xDB, 0xE1, 
    0x0A, 0x7B, 0x4B, 0xDA, 0x78, 0xB6, 0x1A, 0x49, 0x6E, 0x81, 0x3D, 0xA1, 
    0x29, 0xC1, 0x0E, 0xEA, 0x01, 0x1C, 0x28, 0xF9, 0x0A, 0xAD, 0xC9, 0x49, 
    0x09, 0x61, 0x13, 0xC8, 0xC2, 0x34, 0xEC, 0x1F, 0x03, 0x67, 0xD0, 0x60, 
    0x03, 0x8E, 0x41, 0x39, 0x84, 0xE1, 0x1A, 0x1F, 0x5B, 0xF8, 0x7A, 0x74, 
    0xB4, 0x0B, 0x5C, 0xEF, 0xF8, 0xD5, 0x4C, 0xBA, 0xA3, 0x45, 0x34, 0x0A, 
    0xB1, 0xE7, 0xA9, 0x6F, 0x5F, 0xB8, 0xC5, 0x12, 0x9C, 0xF2, 0x47, 0x09, 
    0x0D, 0xFE, 0xA2, 0x19, 0x47, 0x20, 0x23, 0x1A, 0x95, 0x29, 0x2C, 0x26, 
    0xE9, 0x79, 0x2E, 0x7D, 0x86, 0x8A, 0x0C, 0x3E, 0x32, 0x79, 0xBF, 0x42, 
    0x5B, 0xD5, 0xE9, 0xFA, 0x44, 0xC0, 0x5D, 0xE3, 0xEC, 0x00, 0x9F, 0xF3, 
    0x88, 0x95, 0x40, 0xF7, 0xC8, 0x9D, 0x1C, 0x38, 0x8E, 0x05, 0x39, 0x5F, 
    0x04, 0xA6, 0x2F, 0xC6, 0xAF, 0x84, 0x1E, 0xBC, 0x16, 0x62, 0xD5, 0x63, 
    0x57, 0x6B, 0x66, 0x4C, 0x8E, 0x3C, 0xEC, 0xDB, 0x9A, 0x46, 0x1C, 0xAF, 
    0xFC, 0x09, 0x8B, 0x56, 0xB8, 0xAC, 0x62, 0xD3, 0x6E, 0xF1, 0x47, 0xF0, 
    0x72, 0xB8, 0x75, 0x9F, 0xF0, 0x4D, 0xFF, 0xF1, 0x5D, 0xBA, 0xBF, 0x6C, 
    0xBD, 0xD1, 0x2A, 0x1B, 0x4A, 0x89, 0x44, 0x11, 0x32, 0x45, 0xA9, 0xB6, 
    0xE9, 0xED, 0xF5, 0x10, 0x5C, 0x68, 0xE8, 0x43, 0x80, 0xB0, 0x3D, 0x74, 
    0x8E, 0x29, 0xBF, 0x8C, 0xAA, 0xD2, 0x45, 0x23, 0x4E, 0x65, 0x7E, 0xF5, 
    0x1E, 0x8F, 0xFD, 0x87, 0xBE, 0x2C, 0x70, 0x14, 0xAC, 0x40, 0x45, 0x7C, 
    0x3B, 0x51, 0x54, 0xEB, 0x28, 0x63, 0xA4, 0x27, 0x0A, 0x8C, 0x7B, 0x99, 
    0x6C, 0x63, 0x0A, 0x31, 0xE1, 0xA1, 0xBA, 0x7F, 0x1B, 0x4D, 0x78, 0xF8, 
    0x10, 0x25, 0x4F, 0xA5, 0x2D, 0xCA, 0xBC, 0x8A, 0x42, 0x6A, 0xCB, 0x10, 
    0x22, 0xC1, 0xB8, 0xC0, 0x61, 0x48, 0x0C, 0xDC, 0x1C, 0x6D, 0x5F, 0xB6, 
    0xAB, 0xB4, 0x11, 0x81, 0xA3, 0x79, 0x8B, 0x4C, 0xE0, 0xA5, 0xE2, 0x90, 
    0x50, 0x45, 0xBA, 0xE1, 0x69, 0x89, 0xAB, 0xF7, 0xE1, 0x00, 0xBC, 0x40, 
    0x3A, 0x7E, 0x9A, 0xF5, 0x3E, 0x0A, 0x70, 0x00, 0x79, 0x85, 0xE8, 0x91, 
    0x85, 0x88, 0x8B, 0x02, 0xA5, 0xDE, 0xE0, 0x12, 0xC3, 0x00, 0x08, 0xCE, 
    0x52, 0xEF, 0xB0, 0xE1, 0x5D, 0x5B, 0x56, 0x5D, 0xFB, 0x90, 0x34, 0xE0, 
    0x38, 0x8B, 0xAA, 0x43, 0xB7, 0xC8, 0x55, 0x0E, 0x54, 0xA2, 0xA3, 0x6B, 
    0xE7, 0xA1, 0x40, 0x0E, 0x1E, 0x28, 0x7D, 0x80, 0xC6, 0x8E, 0x78, 0xD6, 
    0x3F, 0x63, 0x94, 0xB3, 0xB4, 0x64, 0x01, 0xA6, 0x5C, 0x69, 0x05, 0x05, 
    0x6D, 0xAC, 0xB4, 0x23, 0xF5, 0x2F, 0x8C, 0x53, 0x9C, 0x59, 0xD2, 0x77, 
    0x30, 0x61, 0x28, 0x36, 0xFF, 0xE8, 0xEA, 0xA2, 0xF1, 0xB1, 0xAF, 0x16, 
    0x54, 0x61, 0xD7, 0x28, 0x83, 0x01, 0x5B, 0xB0, 0xAD, 0xC5, 0x5D, 0x95, 
    0x49, 0x17, 0xC9, 0x08, 0xE1, 0xD5, 0xF6, 0xA3, 0x0F, 0x5D, 0xBF, 0xE6, 
    0xD1, 0x28, 0x25, 0x9B, 0x1F, 0xE1, 0xB8, 0x37, 0xC3, 0xF6, 0x19, 0xFD, 
    0xCD, 0x52, 0xC0, 0x35, 0xED, 0xA6, 0xCD, 0xDA, 0x3E, 0x5F, 0xE1, 0x1F, 
    0xF8, 0x04, 0xB1, 0x30, 0x4F, 0x22, 0xF9, 0xEF, 0xF5, 0x4D, 0xA8, 0x70, 
    0xEA, 0xB8, 0x68, 0xD9, 0xC0, 0x8E, 0xE4, 0xA7, 0x8F, 0x0F, 0x3C, 0x8A, 
    0xE1, 0x43, 0xFD, 0xBE, 0x77, 0x80, 0x7C, 0xD2, 0x72, 0x6D, 0xBE, 0xBB, 
    0xC5, 0x9C, 0x67, 0x74, 0x76, 0x94, 0x90, 0x7F, 0xA5, 0x0C, 0xB1, 0xB2, 
    0x0B, 0x2F, 0x22, 0xCF, 0xA7, 0x64, 0x6D, 0x4A, 0x15, 0x2F, 0xEF, 0xFD, 
    0xFF, 0xEF, 0x01, 0xB3, 0x36, 0x57, 0x42, 0x13, 0x00, 0x0C, 0x2B, 0x8D, 
    0xE2, 0xE6, 0x42, 0x54, 0x57, 0xAA, 0xAC, 0xB2, 0xDA, 0x29, 0x62, 0x78, 
    0x7F, 0x96, 0xA2, 0xC5, 0xE2, 0x23, 0x2B, 0x49, 0x92, 0xA3, 0xAA, 0xAF, 
    0xCD, 0xDF, 0xEC, 0x45, 0x54, 0x89, 0xA7, 0xDF, 0xEB, 0x06, 0x0C, 0x15, 
    0x45, 0x57, 0x6A, 0x84, 0x18, 0x2C, 0x50, 0x54, 0x59, 0xB1, 0xEA, 0xFE, 
    0xFF, 0x0D, 0x19, 0x20, 0x2B, 0x3C, 0xA2, 0xF0, 0xFD, 0x00, 0x00, 0x00, 
    0x00, 0x00, 0x00, 0x00, 0x00, 0x00, 0x00, 0x00, 0x00, 0x00, 0x00, 0x06, 
    0x0D, 0x15, 0x1F, 0x25, 0x2C, 0x35, 0x3D
};

/* SRAM buffer to store actual computed signature value */
static uint8_t sig_act[CRYPTO_MLDSA_87_SIG_LEN];

int main(void)
{
    crypto_mldsa_stat_t stat;
    uint32_t sigLen;
    uint32_t i;

    SYSCFG_DL_init();

    /* Compute the signature */
    stat = Crypto_MLDSA_87_sign(
        sig_act, &sigLen,
        cavp_mldsa_87_sign_id61_msg, sizeof(cavp_mldsa_87_sign_id61_msg),
        cavp_mldsa_87_sign_id61_ctx, sizeof(cavp_mldsa_87_sign_id61_ctx),
        NULL, 0,
        cavp_mldsa_87_sign_id61_sk,
        CRYPTO_MLDSA_SIG_MODE_PURE);

    /* If the operation was not successful, jump to error trap */
    if (stat != CRYPTO_MLDSA_STAT_OK) {
        goto err;
    }

    /* If the signature length is incorrect, jump to error trap */
    if (sigLen != CRYPTO_MLDSA_87_SIG_LEN) {
        goto err;
    }

    /* Check generated signature against CAVP expected signature */
    for (i=0; i<CRYPTO_MLDSA_87_SIG_LEN; i++) {
        if (sig_act[i] != cavp_mldsa_87_sign_id61_sig_exp[i]) {
            goto err;
        }
    }

    /* Trap here on a pass condition */
    while (1) { 
        __NOP(); 
    }

err:
    /* Trap here on an error condition */
    while (1) { 
        __NOP(); 
    }
}
